-- phpMyAdmin SQL Dump
-- version 4.0.10.14
-- http://www.phpmyadmin.net
--
-- Host: localhost:3306
-- Generation Time: Mar 23, 2018 at 08:34 AM
-- Server version: 10.1.31-MariaDB
-- PHP Version: 5.6.20

SET SQL_MODE = "NO_AUTO_VALUE_ON_ZERO";
SET time_zone = "+00:00";


/*!40101 SET @OLD_CHARACTER_SET_CLIENT=@@CHARACTER_SET_CLIENT */;
/*!40101 SET @OLD_CHARACTER_SET_RESULTS=@@CHARACTER_SET_RESULTS */;
/*!40101 SET @OLD_COLLATION_CONNECTION=@@COLLATION_CONNECTION */;
/*!40101 SET NAMES utf8 */;

--
-- Database: `thinhphatlighti_mayphunsuong`
--

-- --------------------------------------------------------

--
-- Table structure for table `category_permissions`
--

CREATE TABLE IF NOT EXISTS `category_permissions` (
  `id` int(10) unsigned NOT NULL AUTO_INCREMENT,
  `name` varchar(191) COLLATE utf8mb4_unicode_ci NOT NULL,
  `created_at` timestamp NULL DEFAULT NULL,
  `updated_at` timestamp NULL DEFAULT NULL,
  PRIMARY KEY (`id`),
  UNIQUE KEY `category_permissions_name_unique` (`name`)
) ENGINE=InnoDB  DEFAULT CHARSET=utf8mb4 COLLATE=utf8mb4_unicode_ci AUTO_INCREMENT=8 ;

--
-- Dumping data for table `category_permissions`
--

INSERT INTO `category_permissions` (`id`, `name`, `created_at`, `updated_at`) VALUES
(1, 'Role', '2018-03-14 07:31:28', '2018-03-14 07:31:28'),
(2, 'User', '2018-03-14 07:31:28', '2018-03-14 07:31:28'),
(3, 'Menu', '2018-03-14 07:31:28', '2018-03-14 07:31:28'),
(4, 'Page', '2018-03-14 07:31:29', '2018-03-14 07:31:29'),
(5, 'Post', '2018-03-14 07:31:29', '2018-03-14 07:31:29'),
(7, 'Product', '2018-03-16 02:53:37', '2018-03-16 02:53:37');

-- --------------------------------------------------------

--
-- Table structure for table `category_posts`
--

CREATE TABLE IF NOT EXISTS `category_posts` (
  `id` int(10) unsigned NOT NULL AUTO_INCREMENT,
  `name` varchar(191) COLLATE utf8mb4_unicode_ci NOT NULL,
  `path` varchar(191) COLLATE utf8mb4_unicode_ci NOT NULL,
  `level` tinyint(1) unsigned NOT NULL DEFAULT '0',
  `template` varchar(191) COLLATE utf8mb4_unicode_ci DEFAULT NULL,
  `type` tinyint(1) NOT NULL DEFAULT '0',
  `parent_id` int(10) unsigned DEFAULT NULL,
  `page_id` int(11) NOT NULL DEFAULT '0',
  `order` int(11) NOT NULL DEFAULT '1',
  `created_at` timestamp NULL DEFAULT NULL,
  `updated_at` timestamp NULL DEFAULT NULL,
  PRIMARY KEY (`id`)
) ENGINE=InnoDB  DEFAULT CHARSET=utf8mb4 COLLATE=utf8mb4_unicode_ci AUTO_INCREMENT=8 ;

--
-- Dumping data for table `category_posts`
--

INSERT INTO `category_posts` (`id`, `name`, `path`, `level`, `template`, `type`, `parent_id`, `page_id`, `order`, `created_at`, `updated_at`) VALUES
(1, 'Máy Phun Sương', 'may-phun-suong', 0, 'category.index', 1, 0, 1, 2, '2018-03-16 01:41:57', '2018-03-20 06:12:57'),
(2, 'Linh Kiện Phun Sương', 'linh-kien-phun-suong', 0, 'category.index', 1, 0, 2, 3, '2018-03-16 01:42:53', '2018-03-20 06:13:12'),
(3, 'Lắp Đặt Phun Sương', 'lap-dat-phun-suong', 0, 'service.index', 0, NULL, 4, 1, '2018-03-16 09:02:35', '2018-03-16 09:02:35'),
(4, 'Sửa Chữa Phun Sương', 'sua-chua-phun-suong', 0, 'service.index', 0, NULL, 5, 2, '2018-03-16 09:02:59', '2018-03-16 09:02:59'),
(5, 'Lắp Đặt Phun Sương Tỉnh', 'lap-dat-phun-suong-tinh', 0, 'service.index', 0, NULL, 6, 3, '2018-03-16 09:03:19', '2018-03-16 09:03:19'),
(6, 'Dự Án Đã Thực Hiện', 'du-an-da-thuc-hien', 0, 'service.index', 0, NULL, 12, 4, '2018-03-17 02:41:49', '2018-03-17 02:41:49'),
(7, 'Trọn Bộ Máy Phun Sương', 'tron-bo-may-phun-suong', 0, 'category.index', 1, 0, 1, 1, '2018-03-20 06:12:50', '2018-03-20 07:18:36');

-- --------------------------------------------------------

--
-- Table structure for table `menus`
--

CREATE TABLE IF NOT EXISTS `menus` (
  `id` int(10) unsigned NOT NULL AUTO_INCREMENT,
  `name` varchar(191) COLLATE utf8mb4_unicode_ci NOT NULL,
  `path` varchar(191) COLLATE utf8mb4_unicode_ci NOT NULL,
  `level` tinyint(3) unsigned NOT NULL,
  `order` int(11) NOT NULL DEFAULT '1',
  `parent_id` int(11) DEFAULT NULL,
  `content_id` int(11) DEFAULT NULL,
  `type` tinyint(3) unsigned DEFAULT NULL,
  `isMain` tinyint(1) DEFAULT '0',
  `isActive` tinyint(4) NOT NULL DEFAULT '1',
  `created_at` timestamp NULL DEFAULT NULL,
  `updated_at` timestamp NULL DEFAULT NULL,
  PRIMARY KEY (`id`)
) ENGINE=InnoDB  DEFAULT CHARSET=utf8mb4 COLLATE=utf8mb4_unicode_ci AUTO_INCREMENT=9 ;

--
-- Dumping data for table `menus`
--

INSERT INTO `menus` (`id`, `name`, `path`, `level`, `order`, `parent_id`, `content_id`, `type`, `isMain`, `isActive`, `created_at`, `updated_at`) VALUES
(1, 'Giới Thiệu', 'gioi-thieu', 0, 1, NULL, 3, 1, 1, 1, '2018-03-16 08:42:14', '2018-03-16 08:42:14'),
(2, 'Máy Phun Sương', 'may-phun-suong', 0, 2, NULL, 1, 2, 0, 1, '2018-03-16 08:42:43', '2018-03-16 08:42:43'),
(3, 'Linh Kiện Phun Sương', 'linh-kien-phun-suong', 0, 3, NULL, 2, 2, 0, 1, '2018-03-16 08:43:08', '2018-03-16 08:43:08'),
(4, 'Dịch Vụ', 'dich-vu', 0, 4, NULL, 0, 1, 0, 1, '2018-03-16 09:03:34', '2018-03-16 09:03:34'),
(5, 'Lắp Đặt Phun Sương', 'lap-dat-phun-suong', 1, 1, 4, 3, 2, 0, 1, '2018-03-16 09:04:06', '2018-03-16 09:04:06'),
(6, 'Sửa Chữa Phun Sương', 'sua-chua-phun-suong', 1, 2, 4, 4, 2, 0, 1, '2018-03-16 09:04:40', '2018-03-16 09:04:40'),
(7, 'Lắp Đặt Phun Sương Tỉnh', 'lap-dat-phun-suong-tinh', 1, 3, 4, 5, 2, 0, 1, '2018-03-16 09:05:18', '2018-03-16 09:05:18'),
(8, 'Liên Hệ', 'lien-he', 0, 5, NULL, 7, 1, 1, 1, '2018-03-16 09:16:47', '2018-03-16 09:16:47');

-- --------------------------------------------------------

--
-- Table structure for table `migrations`
--

CREATE TABLE IF NOT EXISTS `migrations` (
  `id` int(10) unsigned NOT NULL AUTO_INCREMENT,
  `migration` varchar(191) COLLATE utf8mb4_unicode_ci NOT NULL,
  `batch` int(11) NOT NULL,
  PRIMARY KEY (`id`)
) ENGINE=InnoDB  DEFAULT CHARSET=utf8mb4 COLLATE=utf8mb4_unicode_ci AUTO_INCREMENT=5 ;

--
-- Dumping data for table `migrations`
--

INSERT INTO `migrations` (`id`, `migration`, `batch`) VALUES
(1, '2014_10_12_000000_create_users_table', 1),
(2, '2014_10_12_100000_create_password_resets_table', 1),
(3, '2018_03_14_140923_create_entrust_setup_tables', 2),
(4, '2018_03_16_084857_create_products_table', 3);

-- --------------------------------------------------------

--
-- Table structure for table `password_resets`
--

CREATE TABLE IF NOT EXISTS `password_resets` (
  `email` varchar(191) COLLATE utf8mb4_unicode_ci NOT NULL,
  `token` varchar(191) COLLATE utf8mb4_unicode_ci NOT NULL,
  `created_at` timestamp NULL DEFAULT NULL,
  KEY `password_resets_email_index` (`email`)
) ENGINE=InnoDB DEFAULT CHARSET=utf8mb4 COLLATE=utf8mb4_unicode_ci;

-- --------------------------------------------------------

--
-- Table structure for table `permissions`
--

CREATE TABLE IF NOT EXISTS `permissions` (
  `id` int(10) unsigned NOT NULL AUTO_INCREMENT,
  `name` varchar(191) COLLATE utf8mb4_unicode_ci NOT NULL,
  `display_name` varchar(191) COLLATE utf8mb4_unicode_ci DEFAULT NULL,
  `description` varchar(191) COLLATE utf8mb4_unicode_ci DEFAULT NULL,
  `category_permission_id` int(10) unsigned NOT NULL,
  `created_at` timestamp NULL DEFAULT NULL,
  `updated_at` timestamp NULL DEFAULT NULL,
  PRIMARY KEY (`id`),
  UNIQUE KEY `permissions_name_unique` (`name`),
  KEY `permissions_category_permission_id_foreign` (`category_permission_id`)
) ENGINE=InnoDB  DEFAULT CHARSET=utf8mb4 COLLATE=utf8mb4_unicode_ci AUTO_INCREMENT=25 ;

--
-- Dumping data for table `permissions`
--

INSERT INTO `permissions` (`id`, `name`, `display_name`, `description`, `category_permission_id`, `created_at`, `updated_at`) VALUES
(1, 'role-list', 'Xem Danh Sách Quyền', 'Được Xem Danh Sách Quyền', 1, '2018-03-14 07:32:41', '2018-03-14 07:32:41'),
(2, 'role-create', 'Tạo Quyền Mới', 'Được Tạo Quyền Mới', 1, '2018-03-14 07:32:41', '2018-03-14 07:32:41'),
(3, 'role-edit', 'Cập Nhật Quyền', 'Được Cập Nhật Quyền', 1, '2018-03-14 07:32:41', '2018-03-14 07:32:41'),
(4, 'role-delete', 'Xóa Quyền', 'Được Xóa Quyền', 1, '2018-03-14 07:32:41', '2018-03-14 07:32:41'),
(5, 'user-list', 'Xem Danh Sách Users', 'Được Xem Danh Sách Users', 2, '2018-03-14 07:32:41', '2018-03-14 07:32:41'),
(6, 'user-create', 'Tạo User', 'Được Tạo User Mới', 2, '2018-03-14 07:32:41', '2018-03-14 07:32:41'),
(7, 'user-edit', 'Cập Nhật User', 'Được Cập Nhật User', 2, '2018-03-14 07:32:41', '2018-03-14 07:32:41'),
(8, 'user-delete', 'Xóa user', 'Được Xóa User', 2, '2018-03-14 07:32:41', '2018-03-14 07:32:41'),
(9, 'menu-list', 'Toàn Quyền Menu', 'Được Toàn Quyền Menu', 3, '2018-03-14 07:32:41', '2018-03-14 07:32:41'),
(10, 'menu-create', 'Thêm Mới Menu', 'Được Thêm Mới Menu', 3, '2018-03-14 07:32:42', '2018-03-14 07:32:42'),
(11, 'menu-edit', 'Cập Nhật Menu', 'Được Cập Nhật Menu', 3, '2018-03-14 07:32:42', '2018-03-14 07:32:42'),
(12, 'menu-delete', 'Xóa Menu', 'Được Xóa Menu', 3, '2018-03-14 07:32:42', '2018-03-14 07:32:42'),
(13, 'page-list', 'Toàn Quyền Trang', 'Được Toàn Quyền Trang', 4, '2018-03-14 07:32:42', '2018-03-14 07:32:42'),
(14, 'page-create', 'Thêm Mới Trang', 'Được Thêm Mới Trang', 4, '2018-03-14 07:32:42', '2018-03-14 07:32:42'),
(15, 'page-edit', 'Cập Nhật Trang', 'Được Cập Nhật Trang', 4, '2018-03-14 07:32:42', '2018-03-14 07:32:42'),
(16, 'page-delete', 'Xóa Trang', 'Được Xóa Trang', 4, '2018-03-14 07:32:42', '2018-03-14 07:32:42'),
(17, 'post-list', 'Toàn Quyền Bài Viết', 'Được Toàn Quyền Bài Viết', 5, '2018-03-14 07:54:54', '2018-03-14 07:54:54'),
(18, 'post-create', 'Thêm Mới Bài Viết', 'Được Thêm Mới Bài Viết', 5, '2018-03-14 07:54:54', '2018-03-14 07:54:54'),
(19, 'post-edit', 'Cập Nhật Bài Viết', 'Được Cập Nhật Bài Viết', 5, '2018-03-14 07:54:54', '2018-03-14 07:54:54'),
(20, 'post-delete', 'Xóa Bài Viết', 'Được Xóa Bài Viết', 5, '2018-03-14 07:54:54', '2018-03-14 07:54:54'),
(21, 'product-list', 'Toàn Quyền Sản Phẩm', 'Được Toàn Quyền Sản Phẩm', 7, '2018-03-16 02:55:06', '2018-03-16 02:55:06'),
(22, 'product-create', 'Thêm Mới Sản Phẩm', 'Được Thêm Mới Sản Phẩm', 7, '2018-03-16 02:55:06', '2018-03-16 02:55:06'),
(23, 'product-edit', 'Cập Nhật Sản Phẩm', 'Được Cập Nhật Sản Phẩm', 7, '2018-03-16 02:55:06', '2018-03-16 02:55:06'),
(24, 'product-delete', 'Xóa Sản Phẩm', 'Được Xóa Sản Phẩm', 7, '2018-03-16 02:55:06', '2018-03-16 02:55:06');

-- --------------------------------------------------------

--
-- Table structure for table `permission_role`
--

CREATE TABLE IF NOT EXISTS `permission_role` (
  `permission_id` int(10) unsigned NOT NULL,
  `role_id` int(10) unsigned NOT NULL,
  PRIMARY KEY (`permission_id`,`role_id`),
  KEY `permission_role_role_id_foreign` (`role_id`)
) ENGINE=InnoDB DEFAULT CHARSET=utf8mb4 COLLATE=utf8mb4_unicode_ci;

--
-- Dumping data for table `permission_role`
--

INSERT INTO `permission_role` (`permission_id`, `role_id`) VALUES
(1, 1),
(2, 1),
(3, 1),
(4, 1),
(5, 1),
(6, 1),
(7, 1),
(8, 1),
(9, 1),
(10, 1),
(11, 1),
(12, 1),
(13, 1),
(14, 1),
(15, 1),
(16, 1),
(17, 1),
(18, 1),
(19, 1),
(20, 1),
(21, 1),
(22, 1),
(23, 1),
(24, 1);

-- --------------------------------------------------------

--
-- Table structure for table `posts`
--

CREATE TABLE IF NOT EXISTS `posts` (
  `id` int(10) unsigned NOT NULL AUTO_INCREMENT,
  `title` varchar(191) COLLATE utf8mb4_unicode_ci NOT NULL,
  `path` varchar(191) COLLATE utf8mb4_unicode_ci NOT NULL,
  `description` longtext COLLATE utf8mb4_unicode_ci NOT NULL,
  `content` longtext COLLATE utf8mb4_unicode_ci NOT NULL,
  `template` varchar(191) COLLATE utf8mb4_unicode_ci DEFAULT NULL,
  `image` varchar(191) COLLATE utf8mb4_unicode_ci DEFAULT NULL,
  `seo_title` varchar(191) COLLATE utf8mb4_unicode_ci DEFAULT NULL,
  `seo_description` longtext COLLATE utf8mb4_unicode_ci,
  `seo_keywords` varchar(191) COLLATE utf8mb4_unicode_ci DEFAULT NULL,
  `post_type` tinyint(3) unsigned NOT NULL DEFAULT '0',
  `category_post_id` int(11) DEFAULT NULL,
  `isActive` tinyint(1) NOT NULL DEFAULT '1',
  `user_id` int(10) unsigned NOT NULL,
  `created_at` timestamp NULL DEFAULT NULL,
  `updated_at` timestamp NULL DEFAULT NULL,
  PRIMARY KEY (`id`),
  KEY `posts_user_id_foreign` (`user_id`)
) ENGINE=InnoDB  DEFAULT CHARSET=utf8mb4 COLLATE=utf8mb4_unicode_ci AUTO_INCREMENT=15 ;

--
-- Dumping data for table `posts`
--

INSERT INTO `posts` (`id`, `title`, `path`, `description`, `content`, `template`, `image`, `seo_title`, `seo_description`, `seo_keywords`, `post_type`, `category_post_id`, `isActive`, `user_id`, `created_at`, `updated_at`) VALUES
(1, 'Máy Phun Sương', 'may-phun-suong', '<p>\r\n	Máy Phun Sương\r\n</p>', '<p>\r\n	Máy Phun Sương\r\n</p>', 'category.index', 'images/uploads/images/gt_1.jpg', 'Máy Phun Sương', '<p>\r\n	Máy Phun Sương\r\n</p>', 'Máy Phun Sương', 1, NULL, 1, 1, '2018-03-16 01:41:40', '2018-03-16 01:41:40'),
(2, 'Linh Kiện Phun Sương', 'linh-kien-phun-suong', '<p>\r\n	Linh Kiện Phun Sương\r\n</p>', '<p>\r\n	Linh Kiện Phun Sương\r\n</p>', 'category.index', 'images/uploads/images/gt_1.jpg', 'Linh Kiện Phun Sương', '<p>\r\n	Linh Kiện Phun Sương\r\n</p>', 'Linh Kiện Phun Sương', 1, NULL, 1, 1, '2018-03-16 01:42:27', '2018-03-16 01:44:12'),
(3, 'Giới Thiệu', 'gioi-thieu', '<p>\r\n	Giới Thiệu\r\n</p>', '<p>\r\n	Giới Thiệu\r\n</p>', 'portfolio.index', 'images/uploads/images/gt_1.jpg', 'Giới Thiệu', '<p>\r\n	Giới Thiệu\r\n</p>', 'Giới Thiệu', 1, NULL, 1, 1, '2018-03-16 08:41:50', '2018-03-16 08:45:42'),
(4, 'Lắp Đặt Phun Sương', 'lap-dat-phun-suong', '<p>\r\n	Lắp Đặt Phun Sương\r\n</p>', '<p>\r\n	Lắp Đặt Phun Sương\r\n</p>', 'service.index', 'images/uploads/images/gt_1.jpg', 'Lắp Đặt Phun Sương', '<p>\r\n	Lắp Đặt Phun Sương\r\n</p>', 'Lắp Đặt Phun Sương', 1, NULL, 1, 1, '2018-03-16 08:58:45', '2018-03-16 08:58:45'),
(5, 'Sửa Chữa Phun Sương', 'sua-chua-phun-suong', '<p>\r\n	Sửa Chữa Phun Sương\r\n</p>', '<p>\r\n	Sửa Chữa Phun Sương\r\n</p>', 'service.index', 'images/uploads/images/gt_1.jpg', 'Sửa Chữa Phun Sương', '<p>\r\n	Sửa Chữa Phun Sương\r\n</p>', 'Sửa Chữa Phun Sương', 1, NULL, 1, 1, '2018-03-16 08:59:45', '2018-03-16 08:59:45'),
(6, 'Lắp Đặt Phun Sương Tỉnh', 'lap-dat-phun-suong-tinh', '<p>\r\n	Lắp Đặt Phun Sương Tỉnh\r\n</p>', '<p>\r\n	Lắp Đặt Phun Sương Tỉnh\r\n</p>', 'service.info', 'images/uploads/images/gt_1.jpg', 'Lắp Đặt Phun Sương Tỉnh', '<p>\r\n	Lắp Đặt Phun Sương Tỉnh\r\n</p>', 'Lắp Đặt Phun Sương Tỉnh', 1, NULL, 1, 1, '2018-03-16 09:00:32', '2018-03-16 09:00:32'),
(7, 'Liên Hệ', 'lien-he', '<p>\r\n	Liên Hệ\r\n</p>', '<p>\r\n	Liên Hệ\r\n</p>', 'contact.index', 'images/uploads/images/gt_1.jpg', 'Liên Hệ', '<p>\r\n	Liên Hệ\r\n</p>', 'Liên Hệ', 1, NULL, 1, 1, '2018-03-16 09:16:24', '2018-03-16 09:16:24'),
(8, 'Máy phun sương nào tốt nhất hiện nay 2018 tại TpHCM', 'may-phun-suong-nao-tot-nhat-hien-nay-2018-tai-tphcm', '<p>\r\n	Máy phun sương nào tốt nhất hiện nay 2018 tại TpHCM\r\n</p>', '<h1 style="margin: 10px 0px; padding: 0px; border: 0px; font-size: 13px; vertical-align: baseline; font-weight: bold; font-family: Arial, Geneva, sans-serif; line-height: 1.5; color: rgb(85, 85, 85); text-rendering: optimizeLegibility; font-style: normal; font-variant-ligatures: normal; font-variant-caps: normal; letter-spacing: normal; orphans: 2; text-align: justify; text-indent: 0px; text-transform: none; white-space: normal; widows: 2; word-spacing: 0px; -webkit-text-stroke-width: 0px; background-color: rgb(255, 255, 255); text-decoration-style: initial; text-decoration-color: initial;">\r\n	<span style="margin: 0px; padding: 0px; border: 0px; font-size: 13px; vertical-align: baseline; color: rgb(255, 0, 0);"><em style="margin: 0px; padding: 0px; border: 0px; font-size: 13px; vertical-align: baseline; font-style: italic;"><strong style="margin: 0px; padding: 0px; border: 0px; font-size: 13px; vertical-align: baseline; font-weight: bold;">Máy phun sương nào tốt nhất hiện nay 2018 tại TpHCM</strong></em></span>\r\n</h1>\r\n\r\n<p style="margin: 0px 0px 10px; padding: 0px; border: 0px; font-size: 12px; vertical-align: baseline; color: rgb(85, 85, 85); font-family: Arial, Geneva, sans-serif; font-style: normal; font-variant-ligatures: normal; font-variant-caps: normal; font-weight: 400; letter-spacing: normal; orphans: 2; text-align: justify; text-indent: 0px; text-transform: none; white-space: normal; widows: 2; word-spacing: 0px; -webkit-text-stroke-width: 0px; background-color: rgb(255, 255, 255); text-decoration-style: initial; text-decoration-color: initial;">\r\n	<b style="margin: 0px; padding: 0px; border: 0px; font-size: 12px; vertical-align: baseline;">Máy phun sương &nbsp;nào tốt nhất hiện nay 2018</b><span style="margin: 0px; padding: 0px; border: 0px; font-size: 12px; vertical-align: baseline; font-weight: 400;"><span>&nbsp;</span>đang được rất nhiều khách hàng quan tâm và cần giải đáp tư vấn.&nbsp; </span><b style="margin: 0px; padding: 0px; border: 0px; font-size: 12px; vertical-align: baseline;">Ch</b>úng tôi<span style="margin: 0px; padding: 0px; border: 0px; font-size: 12px; vertical-align: baseline; font-weight: 400;"><span> </span>là đơn vị chuyên cung cấp máy phun tại TpHCM, &nbsp;hoạt động trong lĩnh vực cung cấp thiết bị làm mát<span>&nbsp;</span></span><b style="margin: 0px; padding: 0px; border: 0px; font-size: 12px; vertical-align: baseline;">máy phun sương</b><span style="margin: 0px; padding: 0px; border: 0px; font-size: 12px; vertical-align: baseline; font-weight: 400;">, hệ thống phun sương,.. nên chúng tôi sẽ giúp các bạn lựa chọn và giải đáp thắc mắc máy phun sương nào tốt nhất hiện nay 2018</span>\r\n</p>\r\n\r\n<p style="margin: 0px 0px 10px; padding: 0px; border: 0px; border-image: none; text-align: center; color: rgb(85, 85, 85); text-transform: none; text-indent: 0px; letter-spacing: normal; font-family: Arial,Geneva,sans-serif; font-size: 12px; font-style: normal; font-weight: 400; word-spacing: 0px; vertical-align: baseline; white-space: normal; orphans: 2; widows: 2; -webkit-text-stroke-width: 0px; background-color: rgb(255, 255, 255);">\r\n	<span style="margin: 0px; padding: 0px; border: 0px; font-size: 12px; vertical-align: baseline; font-weight: 400;"><img alt="" src="http://phunsuongcongnghe.com/images/uploads/images/duan/may-phun-suong-nao-tot-nhat-hien-nay-2018.jpg" style="width: 50%; height: 50%;"></span>\r\n</p>\r\n\r\n<h2 style="margin: 10px 0px; padding: 0px; border: 0px; font-size: 13px; vertical-align: baseline; font-weight: bold; font-family: Arial, Geneva, sans-serif; line-height: 1.5; color: rgb(85, 85, 85); text-rendering: optimizeLegibility; font-style: normal; font-variant-ligatures: normal; font-variant-caps: normal; letter-spacing: normal; orphans: 2; text-align: justify; text-indent: 0px; text-transform: none; white-space: normal; widows: 2; word-spacing: 0px; -webkit-text-stroke-width: 0px; background-color: rgb(255, 255, 255); text-decoration-style: initial; text-decoration-color: initial;">\r\n	<span style="margin: 0px; padding: 0px; border: 0px; font-size: 13px; vertical-align: baseline; font-weight: 400;"><span>&nbsp;</span><span style="margin: 0px; padding: 0px; border: 0px; font-size: 13px; vertical-align: baseline; color: rgb(255, 0, 0);"><em style="margin: 0px; padding: 0px; border: 0px; font-size: 13px; vertical-align: baseline; font-style: italic;"><strong style="margin: 0px; padding: 0px; border: 0px; font-size: 13px; vertical-align: baseline; font-weight: bold;">1. Các tiêu chí lựa chọn<span>&nbsp;</span></strong></em></span></span><span style="margin: 0px; padding: 0px; border: 0px; font-size: 13px; vertical-align: baseline; color: rgb(255, 0, 0);"><em style="margin: 0px; padding: 0px; border: 0px; font-size: 13px; vertical-align: baseline; font-style: italic;"><strong style="margin: 0px; padding: 0px; border: 0px; font-size: 13px; vertical-align: baseline; font-weight: bold;"><a href="http://phunsuongkhanhxuan.com/" style="margin: 0px; padding: 0px; border: 0px; font-size: 13px; vertical-align: baseline; color: rgb(255, 0, 0); text-decoration: none;">máy phun sương</a><span>&nbsp;</span>nào tốt nhất hiện nay 2018.</strong></em></span>\r\n</h2>\r\n\r\n<p style="margin: 0px 0px 10px; padding: 0px; border: 0px; font-size: 12px; vertical-align: baseline; color: rgb(85, 85, 85); font-family: Arial, Geneva, sans-serif; font-style: normal; font-variant-ligatures: normal; font-variant-caps: normal; font-weight: 400; letter-spacing: normal; orphans: 2; text-align: justify; text-indent: 0px; text-transform: none; white-space: normal; widows: 2; word-spacing: 0px; -webkit-text-stroke-width: 0px; background-color: rgb(255, 255, 255); text-decoration-style: initial; text-decoration-color: initial;">\r\n	<span style="margin: 0px; padding: 0px; border: 0px; font-size: 12px; vertical-align: baseline; font-weight: 400;">Hiện nay trên thị trường có rất nhiều nơi cung cấp máy phun sương nhưng không phải công ty nào cũng sẽ phân phối và cung cấp<span>&nbsp;</span></span><b style="margin: 0px; padding: 0px; border: 0px; font-size: 12px; vertical-align: baseline;">máy phun sương</b><span style="margin: 0px; padding: 0px; border: 0px; font-size: 12px; vertical-align: baseline; font-weight: 400;"><span>&nbsp;</span>tốt nhất chính hãng cho bạn, chính vì vậy để lựa chọn với phun sương nào tốt nhất hiện nay 2018 các bạn nên dựa vào các tiêu chí sau:</span>\r\n</p>\r\n\r\n<ul style="margin: 0px 20px 20px 0px; padding: 0px; border: 0px; font-size: 12px; vertical-align: baseline; list-style: none; color: rgb(85, 85, 85); font-family: Arial, Geneva, sans-serif; font-style: normal; font-variant-ligatures: normal; font-variant-caps: normal; font-weight: 400; letter-spacing: normal; orphans: 2; text-align: justify; text-indent: 0px; text-transform: none; white-space: normal; widows: 2; word-spacing: 0px; -webkit-text-stroke-width: 0px; background-color: rgb(255, 255, 255); text-decoration-style: initial; text-decoration-color: initial;">\r\n	<li style="margin: 0px; padding: 0px; border: 0px; font-size: 12px; vertical-align: baseline; line-height: 20px;">\r\n		<span style="margin: 0px; padding: 0px; border: 0px; font-size: 12px; vertical-align: baseline; font-weight: 400;">Lựa chọn nơi cung cấp máy phun sương uy tín và chính hãng chất lượng</span>\r\n	</li>\r\n	<li style="margin: 0px; padding: 0px; border: 0px; font-size: 12px; vertical-align: baseline; line-height: 20px;">\r\n		<span style="margin: 0px; padding: 0px; border: 0px; font-size: 12px; vertical-align: baseline; font-weight: 400;">Máy phun sương phải có giấy tờ nguồn gốc rõ ràng</span>\r\n	</li>\r\n	<li style="margin: 0px; padding: 0px; border: 0px; font-size: 12px; vertical-align: baseline; line-height: 20px;">\r\n		<span style="margin: 0px; padding: 0px; border: 0px; font-size: 12px; vertical-align: baseline; font-weight: 400;">Các thiết bị máy phun sương phải hoàn toàn mới không được trầy xước</span>\r\n	</li>\r\n	<li style="margin: 0px; padding: 0px; border: 0px; font-size: 12px; vertical-align: baseline; line-height: 20px;">\r\n		<span style="margin: 0px; padding: 0px; border: 0px; font-size: 12px; vertical-align: baseline; font-weight: 400;">Bạn có thể xem các đánh giá và nhận xét của khách hàng đã từng sử dụng dịch vụ của công ty doanh nghiệp đó để quyết định mua hàng</span>\r\n	</li>\r\n	<li style="margin: 0px; padding: 0px; border: 0px; font-size: 12px; vertical-align: baseline; line-height: 20px;">\r\n		<span style="margin: 0px; padding: 0px; border: 0px; font-size: 12px; vertical-align: baseline; font-weight: 400;">Bạn có thể tìm kiếm các công ty cung cấp máy phun sương trên thị trường bằng cách tìm kiếm trên Google</span>\r\n	</li>\r\n	<li style="margin: 0px; padding: 0px; border: 0px; font-size: 12px; vertical-align: baseline; line-height: 20px;">\r\n		<span style="margin: 0px; padding: 0px; border: 0px; font-size: 12px; vertical-align: baseline; font-weight: 400;">Không nên lựa chọn các sản phẩm máy phun sương hàng rẻ tiền vì có thể dễ gây hậu quả xấu cho bạn</span>\r\n	</li>\r\n</ul>\r\n\r\n<p style="margin: 0px 0px 10px; padding: 0px; border: 0px; font-size: 12px; vertical-align: baseline; color: rgb(85, 85, 85); font-family: Arial, Geneva, sans-serif; font-style: normal; font-variant-ligatures: normal; font-variant-caps: normal; font-weight: 400; letter-spacing: normal; orphans: 2; text-align: justify; text-indent: 0px; text-transform: none; white-space: normal; widows: 2; word-spacing: 0px; -webkit-text-stroke-width: 0px; background-color: rgb(255, 255, 255); text-decoration-style: initial; text-decoration-color: initial;">\r\n	<span style="margin: 0px; padding: 0px; border: 0px; font-size: 12px; vertical-align: baseline; font-weight: 400;">Ch</span>úng tôi<span style="margin: 0px; padding: 0px; border: 0px; font-size: 12px; vertical-align: baseline; font-weight: 400;"> đã chỉ cho bạn một số tiêu chí để lựa chọn<span>&nbsp;</span></span><b style="margin: 0px; padding: 0px; border: 0px; font-size: 12px; vertical-align: baseline;">máy phun sương</b><span style="margin: 0px; padding: 0px; border: 0px; font-size: 12px; vertical-align: baseline; font-weight: 400;"><span>&nbsp;</span>nào tốt nhất hiện nay 2018 sau đây là các linh kiện máy phun sương, trọn bộ máy phun sương và chúng ta cung cấp tất cả các bạn nên tham khảo qua và đây là những thiết bị<span>&nbsp;</span></span><b style="margin: 0px; padding: 0px; border: 0px; font-size: 12px; vertical-align: baseline;">máy phun sương</b><span style="margin: 0px; padding: 0px; border: 0px; font-size: 12px; vertical-align: baseline; font-weight: 400;"><span>&nbsp;</span>được khách hàng lựa chọn nhiều nhất và chiếm ưu thế tại công ty chúng tôi</span>\r\n</p>\r\n\r\n<h2 style="margin: 10px 0px; padding: 0px; border: 0px; font-size: 13px; vertical-align: baseline; font-weight: bold; font-family: Arial, Geneva, sans-serif; line-height: 1.5; color: rgb(85, 85, 85); text-rendering: optimizeLegibility; font-style: normal; font-variant-ligatures: normal; font-variant-caps: normal; letter-spacing: normal; orphans: 2; text-align: justify; text-indent: 0px; text-transform: none; white-space: normal; widows: 2; word-spacing: 0px; -webkit-text-stroke-width: 0px; background-color: rgb(255, 255, 255); text-decoration-style: initial; text-decoration-color: initial;">\r\n	<span style="margin: 0px; padding: 0px; border: 0px; font-size: 13px; vertical-align: baseline; font-weight: 400;">&nbsp;<span style="margin: 0px; padding: 0px; border: 0px; font-size: 13px; vertical-align: baseline; color: rgb(255, 0, 0);"><em style="margin: 0px; padding: 0px; border: 0px; font-size: 13px; vertical-align: baseline; font-style: italic;"><strong style="margin: 0px; padding: 0px; border: 0px; font-size: 13px; vertical-align: baseline; font-weight: bold;"><span>&nbsp;</span>2. Địa chỉ phân phối</strong></em></span></span><span style="margin: 0px; padding: 0px; border: 0px; font-size: 13px; vertical-align: baseline; color: rgb(255, 0, 0);"><em style="margin: 0px; padding: 0px; border: 0px; font-size: 13px; vertical-align: baseline; font-style: italic;"><strong style="margin: 0px; padding: 0px; border: 0px; font-size: 13px; vertical-align: baseline; font-weight: bold;"><a href="http://phunsuongkhanhxuan.com/" style="margin: 0px; padding: 0px; border: 0px; font-size: 13px; vertical-align: baseline; color: rgb(255, 0, 0); text-decoration: none;"><span>&nbsp;</span>máy phun sương</a><span>&nbsp;</span>tốt nhất hiện nay 2018.</strong></em></span>\r\n</h2>\r\n\r\n<p style="margin: 0px 0px 10px; padding: 0px; border: 0px; font-size: 12px; vertical-align: baseline; color: rgb(85, 85, 85); font-family: Arial, Geneva, sans-serif; font-style: normal; font-variant-ligatures: normal; font-variant-caps: normal; font-weight: 400; letter-spacing: normal; orphans: 2; text-align: justify; text-indent: 0px; text-transform: none; white-space: normal; widows: 2; word-spacing: 0px; -webkit-text-stroke-width: 0px; background-color: rgb(255, 255, 255); text-decoration-style: initial; text-decoration-color: initial;">\r\n	<span style="margin: 0px; padding: 0px; border: 0px; font-size: 12px; vertical-align: baseline; font-weight: 400;">Chắc hẳn các bạn đều biết<span> </span></span><b style="margin: 0px; padding: 0px; border: 0px; font-size: 12px; vertical-align: baseline;">Ch</b>úng tôi<span style="margin: 0px; padding: 0px; border: 0px; font-size: 12px; vertical-align: baseline; font-weight: 400;"><span> </span>là một trong các đơn vị cung cấp các thiết bị làm mát như máy phun sương hệ thống phun sương Lắp đặt hệ thống phun sương lắp đặt<span>&nbsp;</span></span><b style="margin: 0px; padding: 0px; border: 0px; font-size: 12px; vertical-align: baseline;">máy phun sương</b><span style="margin: 0px; padding: 0px; border: 0px; font-size: 12px; vertical-align: baseline; font-weight: 400;"><span>&nbsp;</span>cho nhà hàng khách sạn cho các khu công nghiệp nhà máy chế biến ,.. được sự đánh giá và nhận xét cao từ phía khách hàng</span>\r\n</p>\r\n\r\n<p style="margin: 0px 0px 10px; padding: 0px; border: 0px; font-size: 12px; vertical-align: baseline; color: rgb(85, 85, 85); font-family: Arial, Geneva, sans-serif; font-style: normal; font-variant-ligatures: normal; font-variant-caps: normal; font-weight: 400; letter-spacing: normal; orphans: 2; text-align: justify; text-indent: 0px; text-transform: none; white-space: normal; widows: 2; word-spacing: 0px; -webkit-text-stroke-width: 0px; background-color: rgb(255, 255, 255); text-decoration-style: initial; text-decoration-color: initial;">\r\n	<span style="margin: 0px; padding: 0px; border: 0px; font-size: 12px; vertical-align: baseline; font-weight: 400;">Với những thông tin do công ty chúng tôi cung cấp và giải đáp thắc mắc với<span>&nbsp;</span></span><b style="margin: 0px; padding: 0px; border: 0px; font-size: 12px; vertical-align: baseline;">máy phun sương nào tốt nhất hiện nay 2018</b><span style="margin: 0px; padding: 0px; border: 0px; font-size: 12px; vertical-align: baseline; font-weight: 400;"><span>&nbsp;</span>dựa vào các tiêu chí trên chắc chắn các bạn sẽ lựa chọn<span>&nbsp;</span></span><b style="margin: 0px; padding: 0px; border: 0px; font-size: 12px; vertical-align: baseline;">máy phun sương</b><span style="margin: 0px; padding: 0px; border: 0px; font-size: 12px; vertical-align: baseline; font-weight: 400;"><span>&nbsp;</span>tốt nhất cho mình</span>\r\n</p>\r\n\r\n<p style="margin: 0px 0px 10px; padding: 0px; border: 0px; border-image: none; text-align: center; color: rgb(85, 85, 85); text-transform: none; text-indent: 0px; letter-spacing: normal; font-family: Arial,Geneva,sans-serif; font-size: 12px; font-style: normal; font-weight: 400; word-spacing: 0px; vertical-align: baseline; white-space: normal; orphans: 2; widows: 2; -webkit-text-stroke-width: 0px; background-color: rgb(255, 255, 255);">\r\n	<span style="margin: 0px; padding: 0px; border: 0px; font-size: 12px; vertical-align: baseline; font-weight: 400;"><img alt="" src="http://phunsuongcongnghe.com/images/uploads/images/duan/may-phun-suong-nao-tot-nhat-hien-nay-2018-1.jpg" style="width: 50%; height: 50%;"></span>\r\n</p>\r\n\r\n<p style="margin: 0px 0px 10px; padding: 0px; border: 0px; border-image: none; color: rgb(85, 85, 85); text-transform: none; text-indent: 0px; letter-spacing: normal; font-family: Arial,Geneva,sans-serif; font-size: 12px; font-style: normal; font-weight: 400; word-spacing: 0px; vertical-align: baseline; white-space: normal; orphans: 2; widows: 2; -webkit-text-stroke-width: 0px; background-color: rgb(255, 255, 255);">\r\n	<span style="margin: 0px; padding: 0px; border: 0px; font-size: 12px; vertical-align: baseline; color: rgb(85, 85, 85); font-family: Arial, Geneva, sans-serif; font-style: normal; font-variant-ligatures: normal; font-variant-caps: normal; font-weight: 400; letter-spacing: normal; orphans: 2; text-align: justify; text-indent: 0px; text-transform: none; white-space: normal; widows: 2; word-spacing: 0px; -webkit-text-stroke-width: 0px; background-color: rgb(255, 255, 255); text-decoration-style: initial; text-decoration-color: initial;">Chúng tôi đã tham gia và thi công rất nhiều các công trình lắp đặt<span>&nbsp;</span></span><b style="margin: 0px; padding: 0px; border: 0px; font-size: 12px; vertical-align: baseline;">máy phun sương</b><span style="margin: 0px; padding: 0px; border: 0px; font-size: 12px; vertical-align: baseline; color: rgb(85, 85, 85); font-family: Arial, Geneva, sans-serif; font-style: normal; font-variant-ligatures: normal; font-variant-caps: normal; font-weight: 400; letter-spacing: normal; orphans: 2; text-align: justify; text-indent: 0px; text-transform: none; white-space: normal; widows: 2; word-spacing: 0px; -webkit-text-stroke-width: 0px; background-color: rgb(255, 255, 255); text-decoration-style: initial; text-decoration-color: initial;"><span>&nbsp;</span>tại nhiều nơi khác nhau như:<span>&nbsp;</span><strong style="margin: 0px; padding: 0px; border: 0px; font-size: 12px; vertical-align: baseline; font-weight: bold;">Lắp máy phun sương cho Nhà Hàng Bên Sông</strong>, Công trình phun sương khử mùi nhà máy tại Cà Mau, Công trình phun sương tưới vườn lan, Phun sương khử mùi nhà lồng chợ Bình Điền</span>\r\n</p>', 'serviceinfo.index', 'images/uploads/images/duan/may-phun-suong-nao-tot-nhat-hien-nay-2018-1.jpg', 'Máy phun sương nào tốt nhất hiện nay 2018 tại TpHCM', '<p>\r\n	<span style="display: inline !important; float: none; background-color: transparent; color: rgb(51, 51, 51); font-family: sans-serif,Arial,Verdana,&quot;Trebuchet MS&quot;; font-size: 13px; font-style: normal; font-variant: normal; font-weight: 400; letter-spacing: normal; orphans: 2; text-align: left; text-decoration: none; text-indent: 0px; text-transform: none; -webkit-text-stroke-width: 0px; white-space: normal; word-spacing: 0px;">Máy phun sương nào tốt nhất hiện nay 2018 tại TpHCM</span>\r\n</p>', 'Máy phun sương nào tốt nhất hiện nay 2018 tại TpHCM', 3, 3, 1, 1, '2018-03-16 14:48:58', '2018-03-22 14:48:48'),
(9, 'Các mẫu máy phun sương Đài Loan giá rẻ nhất tại TpHCM 2018', 'cac-mau-may-phun-suong-dai-loan-gia-re-nhat-tai-tphcm-2018', '<h1 style="margin: 10px 0px; padding: 0px; border: 0px; font-size: 13px; vertical-align: baseline; font-weight: bold; font-family: Arial, Geneva, sans-serif; line-height: 1.5; color: rgb(85, 85, 85); text-rendering: optimizeLegibility; font-style: normal; font-variant-ligatures: normal; font-variant-caps: normal; letter-spacing: normal; orphans: 2; text-align: justify; text-indent: 0px; text-transform: none; white-space: normal; widows: 2; word-spacing: 0px; -webkit-text-stroke-width: 0px; background-color: rgb(255, 255, 255); text-decoration-style: initial; text-decoration-color: initial;">\r\n	<span style="margin: 0px; padding: 0px; border: 0px; font-size: 13px; vertical-align: baseline; color: rgb(255, 0, 0);"><em style="margin: 0px; padding: 0px; border: 0px; font-size: 13px; vertical-align: baseline; font-style: italic;">Các mẫu máy phun sương Đài Loan giá rẻ nhất tại TpHCM 2018</em></span>\r\n</h1>', '<h1 style="margin: 10px 0px; padding: 0px; border: 0px; font-size: 13px; vertical-align: baseline; font-weight: bold; font-family: Arial, Geneva, sans-serif; line-height: 1.5; color: rgb(85, 85, 85); text-rendering: optimizeLegibility; font-style: normal; font-variant-ligatures: normal; font-variant-caps: normal; letter-spacing: normal; orphans: 2; text-align: justify; text-indent: 0px; text-transform: none; white-space: normal; widows: 2; word-spacing: 0px; -webkit-text-stroke-width: 0px; background-color: rgb(255, 255, 255); text-decoration-style: initial; text-decoration-color: initial;">\r\n	<span style="margin: 0px; padding: 0px; border: 0px; font-size: 13px; vertical-align: baseline; color: rgb(255, 0, 0);"><em style="margin: 0px; padding: 0px; border: 0px; font-size: 13px; vertical-align: baseline; font-style: italic;">Các mẫu máy phun sương Đài Loan giá rẻ nhất tại TpHCM 2018</em></span>\r\n</h1>\r\n\r\n<p style="margin: 0px 0px 10px; padding: 0px; border: 0px; font-size: 12px; vertical-align: baseline; color: rgb(85, 85, 85); font-family: Arial, Geneva, sans-serif; font-style: normal; font-variant-ligatures: normal; font-variant-caps: normal; font-weight: 400; letter-spacing: normal; orphans: 2; text-align: justify; text-indent: 0px; text-transform: none; white-space: normal; widows: 2; word-spacing: 0px; -webkit-text-stroke-width: 0px; background-color: rgb(255, 255, 255); text-decoration-style: initial; text-decoration-color: initial;">\r\n	<b style="margin: 0px; padding: 0px; border: 0px; font-size: 12px; vertical-align: baseline;">Các mẫu máy phun sương Đài Loan giá rẻ nhất tại TpHCM 2018</b><span style="margin: 0px; padding: 0px; border: 0px; font-size: 12px; vertical-align: baseline; font-weight: 400;"><span>&nbsp;</span>tại phun sương Khánh Xuân.<span> </span></span><b style="margin: 0px; padding: 0px; border: 0px; font-size: 12px; vertical-align: baseline;">Ch</b>úng tôi<span style="margin: 0px; padding: 0px; border: 0px; font-size: 12px; vertical-align: baseline; font-weight: 400;"><span> </span>là đơn vị chuyên cung cấp các loại<span>&nbsp;</span></span><b style="margin: 0px; padding: 0px; border: 0px; font-size: 12px; vertical-align: baseline;">máy phun sương</b><span style="margin: 0px; padding: 0px; border: 0px; font-size: 12px; vertical-align: baseline; font-weight: 400;">, các dòng máy phun sương, trọn bộ máy phun sương, linh kiện máy phun sương với giá rẻ nhất tại TpHCM, &nbsp;trong bài viết này chúng tôi sẽ giới thiệu<span>&nbsp;</span></span><b style="margin: 0px; padding: 0px; border: 0px; font-size: 12px; vertical-align: baseline;">các mẫu máy phun sương Đài Loan giá rẻ nhất tại TpHCM 2018,<span>&nbsp;</span></b><span style="margin: 0px; padding: 0px; border: 0px; font-size: 12px; vertical-align: baseline; font-weight: 400;">&nbsp;khách hàng dễ dàng lựa chọn với khung xưa phù hợp cho mình cũng như tham khảo các dòng máy phun sương hiện đại nhất</span>\r\n</p>\r\n\r\n<p style="margin: 0px 0px 10px; padding: 0px; border: 0px; border-image: none; text-align: center; color: rgb(85, 85, 85); text-transform: none; text-indent: 0px; letter-spacing: normal; font-family: Arial,Geneva,sans-serif; font-size: 12px; font-style: normal; font-weight: 400; word-spacing: 0px; vertical-align: baseline; white-space: normal; orphans: 2; widows: 2; -webkit-text-stroke-width: 0px; background-color: rgb(255, 255, 255);">\r\n	<span style="margin: 0px; padding: 0px; border: 0px; font-size: 12px; vertical-align: baseline; font-weight: 400;"><img alt="" src="http://phunsuongcongnghe.com/images/uploads/images/duan/cac-mau-may-phun-suong-dai-loan-gia-re-nhat-tai-tphcm-2018.jpg" style="width: 50%; height: 50%;"></span>\r\n</p>\r\n\r\n<h2 style="margin: 10px 0px; padding: 0px; border: 0px; font-size: 13px; vertical-align: baseline; font-weight: bold; font-family: Arial, Geneva, sans-serif; line-height: 1.5; color: rgb(85, 85, 85); text-rendering: optimizeLegibility; font-style: normal; font-variant-ligatures: normal; font-variant-caps: normal; letter-spacing: normal; orphans: 2; text-align: justify; text-indent: 0px; text-transform: none; white-space: normal; widows: 2; word-spacing: 0px; -webkit-text-stroke-width: 0px; background-color: rgb(255, 255, 255); text-decoration-style: initial; text-decoration-color: initial;">\r\n	<span style="margin: 0px; padding: 0px; border: 0px; font-size: 13px; vertical-align: baseline; font-weight: 400;">&nbsp; &nbsp; &nbsp; &nbsp;<span>&nbsp;</span><span style="margin: 0px; padding: 0px; border: 0px; font-size: 13px; vertical-align: baseline; color: rgb(255, 0, 0);"><em style="margin: 0px; padding: 0px; border: 0px; font-size: 13px; vertical-align: baseline; font-style: italic;"><strong style="margin: 0px; padding: 0px; border: 0px; font-size: 13px; vertical-align: baseline; font-weight: bold;">1. Các mẫu<span>&nbsp;</span></strong></em></span></span><span style="margin: 0px; padding: 0px; border: 0px; font-size: 13px; vertical-align: baseline; color: rgb(255, 0, 0);"><em style="margin: 0px; padding: 0px; border: 0px; font-size: 13px; vertical-align: baseline; font-style: italic;"><strong style="margin: 0px; padding: 0px; border: 0px; font-size: 13px; vertical-align: baseline; font-weight: bold;"><a href="http://phunsuongkhanhxuan.com/" style="margin: 0px; padding: 0px; border: 0px; font-size: 13px; vertical-align: baseline; color: rgb(255, 0, 0); text-decoration: none;">máy phun sương</a><span>&nbsp;</span>Đài Loan giá rẻ nhất tại TpHCM 2018.</strong></em></span>\r\n</h2>\r\n\r\n<p style="margin: 0px 0px 10px; padding: 0px; border: 0px; font-size: 12px; vertical-align: baseline; color: rgb(85, 85, 85); font-family: Arial, Geneva, sans-serif; font-style: normal; font-variant-ligatures: normal; font-variant-caps: normal; font-weight: 400; letter-spacing: normal; orphans: 2; text-align: justify; text-indent: 0px; text-transform: none; white-space: normal; widows: 2; word-spacing: 0px; -webkit-text-stroke-width: 0px; background-color: rgb(255, 255, 255); text-decoration-style: initial; text-decoration-color: initial;">\r\n	<span style="margin: 0px; padding: 0px; border: 0px; font-size: 12px; vertical-align: baseline; font-weight: 400;">Những đặc điểm khiến máy phun sương</span><span style="margin: 0px; padding: 0px; border: 0px; font-size: 12px; vertical-align: baseline; font-weight: 400;"><span> </span>trở thành sự lựa chọn lý tưởng, đông đảo của nhiều khách hàng người tiêu dùng hiện nay</span>\r\n</p>\r\n\r\n<ul style="margin: 0px 20px 20px 0px; padding: 0px; border: 0px; font-size: 12px; vertical-align: baseline; list-style: none; color: rgb(85, 85, 85); font-family: Arial, Geneva, sans-serif; font-style: normal; font-variant-ligatures: normal; font-variant-caps: normal; font-weight: 400; letter-spacing: normal; orphans: 2; text-align: justify; text-indent: 0px; text-transform: none; white-space: normal; widows: 2; word-spacing: 0px; -webkit-text-stroke-width: 0px; background-color: rgb(255, 255, 255); text-decoration-style: initial; text-decoration-color: initial;">\r\n	<li style="margin: 0px; padding: 0px; border: 0px; font-size: 12px; vertical-align: baseline; line-height: 20px;">\r\n		<b style="margin: 0px; padding: 0px; border: 0px; font-size: 12px; vertical-align: baseline;">Máy phun sương</b><span style="margin: 0px; padding: 0px; border: 0px; font-size: 12px; vertical-align: baseline; font-weight: 400;"><span>&nbsp;</span>được thiết kế nhỏ gọn tiện lợi, máy phun sương có dạng nhỏ tiết kiệm tối đa diện tích không gian nhà và làm mát hiệu quả</span>\r\n	</li>\r\n	<li style="margin: 0px; padding: 0px; border: 0px; font-size: 12px; vertical-align: baseline; line-height: 20px;">\r\n		<span style="margin: 0px; padding: 0px; border: 0px; font-size: 12px; vertical-align: baseline; font-weight: 400;">Máy phun sương có nhiều ứng dụng:</span>\r\n	</li>\r\n	<li style="margin: 0px; padding: 0px; border: 0px; font-size: 12px; vertical-align: baseline; line-height: 20px;">\r\n		<span style="margin: 0px; padding: 0px; border: 0px; font-size: 12px; vertical-align: baseline; font-weight: 400;">Dùng để dập bụi trong không khí</span>\r\n	</li>\r\n	<li style="margin: 0px; padding: 0px; border: 0px; font-size: 12px; vertical-align: baseline; line-height: 20px;">\r\n		<span style="margin: 0px; padding: 0px; border: 0px; font-size: 12px; vertical-align: baseline; font-weight: 400;">Có khả năng làm mát, &nbsp;tạo ẩm tạo ra môi trường mát mẻ</span>\r\n	</li>\r\n	<li style="margin: 0px; padding: 0px; border: 0px; font-size: 12px; vertical-align: baseline; line-height: 20px;">\r\n		<span style="margin: 0px; padding: 0px; border: 0px; font-size: 12px; vertical-align: baseline; font-weight: 400;">Được sử dụng để tưới lan, được sử dụng tưới vườn rau trong nhà kính</span>\r\n	</li>\r\n	<li style="margin: 0px; padding: 0px; border: 0px; font-size: 12px; vertical-align: baseline; line-height: 20px;">\r\n		<span style="margin: 0px; padding: 0px; border: 0px; font-size: 12px; vertical-align: baseline; font-weight: 400;">Ngoài ra tạo ra các không gian cảnh quan đẹp sương mù tạo vẻ đẹp thơ mộng, gây ấn tượng với khách hàng, được sử dụng nhiều trong quán cà phê, nhà hàng</span>\r\n	</li>\r\n	<li style="margin: 0px; padding: 0px; border: 0px; font-size: 12px; vertical-align: baseline; line-height: 20px;">\r\n		<span style="margin: 0px; padding: 0px; border: 0px; font-size: 12px; vertical-align: baseline; font-weight: 400;">Có giá thành thấp, sử dụng lắp đặt dễ dàng chi phí lắp đặt rẻ</span>\r\n	</li>\r\n	<li style="margin: 0px; padding: 0px; border: 0px; font-size: 12px; vertical-align: baseline; line-height: 20px;">\r\n		<h2 style="margin: 10px 0px; padding: 0px; border: 0px; font-size: 13px; vertical-align: baseline; font-weight: bold; font-family: Arial, Geneva, sans-serif; line-height: 1.5; color: rgb(85, 85, 85); text-rendering: optimizeLegibility; font-style: normal; font-variant-ligatures: normal; font-variant-caps: normal; letter-spacing: normal; orphans: 2; text-align: justify; text-indent: 0px; text-transform: none; white-space: normal; widows: 2; word-spacing: 0px; -webkit-text-stroke-width: 0px; background-color: rgb(255, 255, 255); text-decoration-style: initial; text-decoration-color: initial;">\r\n			<span style="margin: 0px; padding: 0px; border: 0px; font-size: 13px; vertical-align: baseline; font-weight: 400;"><span>&nbsp;</span>&nbsp;<span>&nbsp;</span><span style="margin: 0px; padding: 0px; border: 0px; font-size: 13px; vertical-align: baseline; color: rgb(255, 0, 0);"><em style="margin: 0px; padding: 0px; border: 0px; font-size: 13px; vertical-align: baseline; font-style: italic;"><strong style="margin: 0px; padding: 0px; border: 0px; font-size: 13px; vertical-align: baseline; font-weight: bold;">2. Địa điểm nào bán<span>&nbsp;</span></strong></em></span></span><span style="margin: 0px; padding: 0px; border: 0px; font-size: 13px; vertical-align: baseline; color: rgb(255, 0, 0);"><em style="margin: 0px; padding: 0px; border: 0px; font-size: 13px; vertical-align: baseline; font-style: italic;"><strong style="margin: 0px; padding: 0px; border: 0px; font-size: 13px; vertical-align: baseline; font-weight: bold;"><a href="http://phunsuongkhanhxuan.com/" style="margin: 0px; padding: 0px; border: 0px; font-size: 13px; vertical-align: baseline; color: rgb(255, 0, 0); text-decoration: none;">máy phun sương</a><span>&nbsp;</span>Đài Loan giá rẻ nhất tại TpHCM &nbsp;2018.</strong></em></span>\r\n		</h2>\r\n\r\n		<p style="margin: 0px 0px 10px; padding: 0px; border: 0px; font-size: 12px; vertical-align: baseline; color: rgb(85, 85, 85); font-family: Arial, Geneva, sans-serif; font-style: normal; font-variant-ligatures: normal; font-variant-caps: normal; font-weight: 400; letter-spacing: normal; orphans: 2; text-align: justify; text-indent: 0px; text-transform: none; white-space: normal; widows: 2; word-spacing: 0px; -webkit-text-stroke-width: 0px; background-color: rgb(255, 255, 255); text-decoration-style: initial; text-decoration-color: initial;">\r\n			<b style="margin: 0px; padding: 0px; border: 0px; font-size: 12px; vertical-align: baseline;">Ch</b>úng tôi<span style="margin: 0px; padding: 0px; border: 0px; font-size: 12px; vertical-align: baseline; font-weight: 400;"><span> </span>là đơn vị cung cấp phân phối máy phun sương là đại lý chuyên cung cấp<span>&nbsp;</span></span><b style="margin: 0px; padding: 0px; border: 0px; font-size: 12px; vertical-align: baseline;">các mẫu máy phun sương Đài Loan giá rẻ nhất tại TpHCM 2018</b><span style="margin: 0px; padding: 0px; border: 0px; font-size: 12px; vertical-align: baseline; font-weight: 400;">, cam kết 100% các sản phẩm nhập khẩu trực tiếp từ Đài Loan chính hãng không qua trung gian nên có giá thành rẻ hơn so với thị trường</span>\r\n		</p>\r\n	</li>\r\n	<li style="margin: 0px; padding: 0px; border: 0px; font-size: 12px; vertical-align: baseline; line-height: 20px;">\r\n		<p style="margin: 0px 0px 10px; padding: 0px; border: 0px; border-image: none; text-align: center; color: rgb(85, 85, 85); text-transform: none; text-indent: 0px; letter-spacing: normal; font-family: Arial,Geneva,sans-serif; font-size: 12px; font-style: normal; font-weight: 400; word-spacing: 0px; vertical-align: baseline; white-space: normal; orphans: 2; widows: 2; -webkit-text-stroke-width: 0px; background-color: rgb(255, 255, 255);">\r\n			<img alt="" src="http://phunsuongcongnghe.com/images/uploads/images/duan/cac-mau-may-phun-suong-dai-loan-gia-re-nhat-tai-tphcm-2018-1.jpg" style="width: 50%; height: 50%;">\r\n		</p>\r\n	</li>\r\n	<li style="margin: 0px; padding: 0px; border: 0px; font-size: 12px; vertical-align: baseline; line-height: 20px;">\r\n		<p style="margin: 0px 0px 10px; padding: 0px; border: 0px; border-image: none; text-align: left; color: rgb(85, 85, 85); text-transform: none; text-indent: 0px; letter-spacing: normal; font-family: Arial,Geneva,sans-serif; font-size: 12px; font-style: normal; font-weight: 400; word-spacing: 0px; vertical-align: baseline; white-space: normal; orphans: 2; widows: 2; -webkit-text-stroke-width: 0px; background-color: rgb(255, 255, 255);">\r\n			&nbsp;\r\n		</p>\r\n	</li>\r\n</ul>', 'serviceinfo.index', 'images/uploads/images/duan/cac-mau-may-phun-suong-dai-loan-gia-re-nhat-tai-tphcm-2018.jpg', 'Các mẫu máy phun sương Đài Loan giá rẻ nhất tại TpHCM 2018', '<p>\r\n	Các mẫu máy phun sương Đài Loan giá rẻ nhất tại TpHCM 2018\r\n</p>', 'Lắp Đặt Phun Sương 2', 3, 3, 1, 1, '2018-03-16 14:52:39', '2018-03-22 14:40:00');
INSERT INTO `posts` (`id`, `title`, `path`, `description`, `content`, `template`, `image`, `seo_title`, `seo_description`, `seo_keywords`, `post_type`, `category_post_id`, `isActive`, `user_id`, `created_at`, `updated_at`) VALUES
(10, 'CÁCH CHỌN VÀ SỬ DỤNG MÁY PHUN SƯƠNG QUÁN CAFE ĐỂ CÓ ĐƯỢC ĐỘ BỀN TỐI ƯU', 'cach-chon-va-su-dung-may-phun-suong-quan-cafe-de-co-duoc-do-ben-toi-uu', '<p>\r\n	<span style="color: rgb(85, 85, 85); font-family: Arial, Geneva, sans-serif; font-size: 12px; font-style: normal; font-variant-ligatures: normal; font-variant-caps: normal; font-weight: 400; letter-spacing: normal; orphans: 2; text-align: justify; text-indent: 0px; text-transform: none; white-space: normal; widows: 2; word-spacing: 0px; -webkit-text-stroke-width: 0px; background-color: rgb(255, 255, 255); text-decoration-style: initial; text-decoration-color: initial; display: inline !important; float: none;">Hiện nay,<span>&nbsp;</span></span><strong style="margin: 0px; padding: 0px; border: 0px; font-size: 12px; vertical-align: baseline; font-weight: bold; color: rgb(85, 85, 85); font-family: Arial, Geneva, sans-serif; font-style: normal; font-variant-ligatures: normal; font-variant-caps: normal; letter-spacing: normal; orphans: 2; text-align: justify; text-indent: 0px; text-transform: none; white-space: normal; widows: 2; word-spacing: 0px; -webkit-text-stroke-width: 0px; background-color: rgb(255, 255, 255); text-decoration-style: initial; text-decoration-color: initial;">lắp đặt phun sương quán café</strong><span style="color: rgb(85, 85, 85); font-family: Arial, Geneva, sans-serif; font-size: 12px; font-style: normal; font-variant-ligatures: normal; font-variant-caps: normal; font-weight: 400; letter-spacing: normal; orphans: 2; text-align: justify; text-indent: 0px; text-transform: none; white-space: normal; widows: 2; word-spacing: 0px; -webkit-text-stroke-width: 0px; background-color: rgb(255, 255, 255); text-decoration-style: initial; text-decoration-color: initial; display: inline !important; float: none;"><span>&nbsp;</span>được rất nhiều người dùng sử dụng. Với ưu điểm làm mát tự nhiên, máy phun sương được sử dụng nhiều trong các quán café, nhà hàng và những hộ gia đình có vườn cây cảnh&hellip;Tuy nhiên, để có độ bền tối ưu thì cần chú ý những điểm gì? Chúng ta hãy cùng tìm hiểu qua bài viết dưới đây nhé</span>\r\n</p>', '<p style="margin: 0px 0px 10px; padding: 0px; border: 0px; font-size: 12px; vertical-align: baseline; color: rgb(85, 85, 85); font-family: Arial, Geneva, sans-serif; font-style: normal; font-variant-ligatures: normal; font-variant-caps: normal; font-weight: 400; letter-spacing: normal; orphans: 2; text-align: justify; text-indent: 0px; text-transform: none; white-space: normal; widows: 2; word-spacing: 0px; -webkit-text-stroke-width: 0px; background-color: rgb(255, 255, 255); text-decoration-style: initial; text-decoration-color: initial;">\r\n	Hiện nay,<span>&nbsp;</span><strong style="margin: 0px; padding: 0px; border: 0px; font-size: 12px; vertical-align: baseline; font-weight: bold;">lắp đặt phun sương quán café</strong><span>&nbsp;</span>được rất nhiều người dùng sử dụng. Với ưu điểm làm mát tự nhiên, máy phun sương được sử dụng nhiều trong các quán café, nhà hàng và những hộ gia đình có vườn cây cảnh&hellip;Tuy nhiên, để có độ bền tối ưu thì cần chú ý những điểm gì? Chúng ta hãy cùng tìm hiểu qua bài viết dưới đây nhé.\r\n</p>\r\n\r\n<h2 style="margin: 10px 0px; padding: 0px; border: 0px; font-size: 13px; vertical-align: baseline; font-weight: bold; font-family: Arial, Geneva, sans-serif; line-height: 1.5; color: rgb(85, 85, 85); text-rendering: optimizeLegibility; font-style: normal; font-variant-ligatures: normal; font-variant-caps: normal; letter-spacing: normal; orphans: 2; text-align: justify; text-indent: 0px; text-transform: none; white-space: normal; widows: 2; word-spacing: 0px; -webkit-text-stroke-width: 0px; background-color: rgb(255, 255, 255); text-decoration-style: initial; text-decoration-color: initial;">\r\n	<strong style="margin: 0px; padding: 0px; border: 0px; font-size: 13px; vertical-align: baseline; font-weight: bold;">Cách chọn mua máy phun sương cho quán cafe</strong>\r\n</h2>\r\n\r\n<p style="text-align: center;">\r\n	<img alt="" src="http://phunsuongcongnghe.com/images/uploads/images/duan/cach-chon-va-su-dung-may-phun-suong-quan-cafe.jpg" style="width: 50%; height: 50%;">\r\n</p>\r\n\r\n<p style="margin: 0px 0px 10px; padding: 0px; border: 0px; font-size: 12px; vertical-align: baseline; color: rgb(85, 85, 85); font-family: Arial, Geneva, sans-serif; font-style: normal; font-variant-ligatures: normal; font-variant-caps: normal; font-weight: 400; letter-spacing: normal; orphans: 2; text-align: justify; text-indent: 0px; text-transform: none; white-space: normal; widows: 2; word-spacing: 0px; -webkit-text-stroke-width: 0px; background-color: rgb(255, 255, 255); text-decoration-style: initial; text-decoration-color: initial;">\r\n	Tùy vào không gian như nhà hàng, quán cafe hay sân vườn mà bạn lựa chọn cho mình thiết bị phun sương có công suất và dung tích phù hợp để giúp làm mát tối đa không gian gia đình bạn. Tránh trường hợp, không gian nhỏ hẹp mà bạn lại lựa chọn hệ thống phun sương&nbsp;phun sương có dung tích và công suất lớn gây lãng phí điện. Khi đi mua hệ thống phun sương bạn nên lưu ý những điểm sau:\r\n</p>\r\n\r\n<h3 style="margin: 10px 0px; padding: 0px; border: 0px; font-size: 13px; vertical-align: baseline; font-weight: bold; font-family: Arial, Geneva, sans-serif; line-height: 1.5; color: rgb(85, 85, 85); text-rendering: optimizeLegibility; font-style: normal; font-variant-ligatures: normal; font-variant-caps: normal; letter-spacing: normal; orphans: 2; text-align: justify; text-indent: 0px; text-transform: none; white-space: normal; widows: 2; word-spacing: 0px; -webkit-text-stroke-width: 0px; background-color: rgb(255, 255, 255); text-decoration-style: initial; text-decoration-color: initial;">\r\n	<strong style="margin: 0px; padding: 0px; border: 0px; font-size: 13px; vertical-align: baseline; font-weight: bold;"><em style="margin: 0px; padding: 0px; border: 0px; font-size: 13px; vertical-align: baseline; font-style: italic;">&ndash; Chọn máy phun sương phù hợp với không gian</em></strong>\r\n</h3>\r\n\r\n<p style="margin: 0px 0px 10px; padding: 0px; border: 0px; font-size: 12px; vertical-align: baseline; color: rgb(85, 85, 85); font-family: Arial, Geneva, sans-serif; font-style: normal; font-variant-ligatures: normal; font-variant-caps: normal; font-weight: 400; letter-spacing: normal; orphans: 2; text-align: justify; text-indent: 0px; text-transform: none; white-space: normal; widows: 2; word-spacing: 0px; -webkit-text-stroke-width: 0px; background-color: rgb(255, 255, 255); text-decoration-style: initial; text-decoration-color: initial;">\r\n	Trước khi chọn mua<span>&nbsp;</span><strong style="margin: 0px; padding: 0px; border: 0px; font-size: 12px; vertical-align: baseline; font-weight: bold;">máy phun sương cho quán cafe</strong>, bạn phải xem không gian cần làm mát rộng hay hẹp. Đới với những không gian rộng như các quán bia, quán cafe, nhà xưởng, sân vườn&hellip;bạn nên chọn loại<span>&nbsp;</span><strong style="margin: 0px; padding: 0px; border: 0px; font-size: 12px; vertical-align: baseline; font-weight: bold;">máy phun sương quán cafe</strong><span>&nbsp;</span>có dung tích và công suất lớn hoặc lắp đặt hẳn hệ thống phun sương. Vì ngoài tác dụng làm mát, hệ thống phun sương còn có tác dụng tiếp thị, quảng cáo hiệu quả. Với làn hơi sương bay lờ mờ bắt mắt tạo cảm giác mát mẻ cho khách hàng.\r\n</p>\r\n\r\n<p style="margin: 0px 0px 10px; padding: 0px; border: 0px; border-image: none; text-align: center; color: rgb(85, 85, 85); text-transform: none; text-indent: 0px; letter-spacing: normal; font-family: Arial,Geneva,sans-serif; font-size: 12px; font-style: normal; font-weight: 400; word-spacing: 0px; vertical-align: baseline; white-space: normal; orphans: 2; widows: 2; -webkit-text-stroke-width: 0px; background-color: rgb(255, 255, 255);">\r\n	<img alt="" src="http://phunsuongcongnghe.com/images/uploads/images/duan/cach-chon-va-su-dung-may-phun-suong-quan-cafe-02.jpg" style="width: 50%; height: 50%;">\r\n</p>\r\n\r\n<h3 style="margin: 10px 0px; padding: 0px; border: 0px; font-size: 13px; vertical-align: baseline; font-weight: bold; font-family: Arial, Geneva, sans-serif; line-height: 1.5; color: rgb(85, 85, 85); text-rendering: optimizeLegibility; font-style: normal; font-variant-ligatures: normal; font-variant-caps: normal; letter-spacing: normal; orphans: 2; text-align: justify; text-indent: 0px; text-transform: none; white-space: normal; widows: 2; word-spacing: 0px; -webkit-text-stroke-width: 0px; background-color: rgb(255, 255, 255); text-decoration-style: initial; text-decoration-color: initial;">\r\n	<strong style="margin: 0px; padding: 0px; border: 0px; font-size: 13px; vertical-align: baseline; font-weight: bold;"><em style="margin: 0px; padding: 0px; border: 0px; font-size: 13px; vertical-align: baseline; font-style: italic;">&ndash; Thiết kế lắp đặt máy phun sương đúng cách</em></strong>\r\n</h3>\r\n\r\n<p style="margin: 0px 0px 10px; padding: 0px; border: 0px; font-size: 12px; vertical-align: baseline; color: rgb(85, 85, 85); font-family: Arial, Geneva, sans-serif; font-style: normal; font-variant-ligatures: normal; font-variant-caps: normal; font-weight: 400; letter-spacing: normal; orphans: 2; text-align: justify; text-indent: 0px; text-transform: none; white-space: normal; widows: 2; word-spacing: 0px; -webkit-text-stroke-width: 0px; background-color: rgb(255, 255, 255); text-decoration-style: initial; text-decoration-color: initial;">\r\n	Khi mua<strong style="margin: 0px; padding: 0px; border: 0px; font-size: 12px; vertical-align: baseline; font-weight: bold;"><span>&nbsp;</span>máy phun sương dùng cho quán cafe</strong>, bạn nên xem hướng dẫn sử dụng hoặc nhờ nhân viên kĩ thuật tư vấn hỗ trợ chi tiết cách lắp đặt, tránh những sai sót đáng tiếc. Bởi lẽ, máy phun sương cũng như tất cả các loại máy móc khác, chúng đều có cấu tạo và thiết kế sử dụng riêng biệt, nên bạn phải tìm hiểu kỹ trước khi lắp đặt.\r\n</p>\r\n\r\n<h3 style="margin: 10px 0px; padding: 0px; border: 0px; font-size: 13px; vertical-align: baseline; font-weight: bold; font-family: Arial, Geneva, sans-serif; line-height: 1.5; color: rgb(85, 85, 85); text-rendering: optimizeLegibility; font-style: normal; font-variant-ligatures: normal; font-variant-caps: normal; letter-spacing: normal; orphans: 2; text-align: justify; text-indent: 0px; text-transform: none; white-space: normal; widows: 2; word-spacing: 0px; -webkit-text-stroke-width: 0px; background-color: rgb(255, 255, 255); text-decoration-style: initial; text-decoration-color: initial;">\r\n	<strong style="margin: 0px; padding: 0px; border: 0px; font-size: 13px; vertical-align: baseline; font-weight: bold;"><em style="margin: 0px; padding: 0px; border: 0px; font-size: 13px; vertical-align: baseline; font-style: italic;">&ndash; Không được bỏ bộ lọc nước vì nó rất quan trọng</em></strong>\r\n</h3>\r\n\r\n<p style="margin: 0px 0px 10px; padding: 0px; border: 0px; font-size: 12px; vertical-align: baseline; color: rgb(85, 85, 85); font-family: Arial, Geneva, sans-serif; font-style: normal; font-variant-ligatures: normal; font-variant-caps: normal; font-weight: 400; letter-spacing: normal; orphans: 2; text-align: justify; text-indent: 0px; text-transform: none; white-space: normal; widows: 2; word-spacing: 0px; -webkit-text-stroke-width: 0px; background-color: rgb(255, 255, 255); text-decoration-style: initial; text-decoration-color: initial;">\r\n	Bộ lọc nước có tác dụng như lá gan cua con người, chúng lọc đi những bụi bẩn có hại cho máy để máy hoạt động tốt hơn. Cho nên, khi mua máy phun sương bạn không được bỏ bộ lọc nước. Đặc biệt, những<span>&nbsp;</span><strong style="margin: 0px; padding: 0px; border: 0px; font-size: 12px; vertical-align: baseline; font-weight: bold;">vòi phun sương quán cafe<span>&nbsp;</span></strong>có cấu tạo những lỗ phun vô cùng nhỏ. Chình vì vậy dễ dàng bị tắc nghẽn bởi bụi bẩn và cặn nước. Do đó, bạn phải &nbsp;một bộ lọc nước tốt để duy trì hoạt động lâu dài. Và khi mua bộ lọc nước cũng rẻ hơn so với việc bạn phải thay béc phun sương liên tục.\r\n</p>\r\n\r\n<h3 style="margin: 10px 0px; padding: 0px; border: 0px; font-size: 13px; vertical-align: baseline; font-weight: bold; font-family: Arial, Geneva, sans-serif; line-height: 1.5; color: rgb(85, 85, 85); text-rendering: optimizeLegibility; font-style: normal; font-variant-ligatures: normal; font-variant-caps: normal; letter-spacing: normal; orphans: 2; text-align: justify; text-indent: 0px; text-transform: none; white-space: normal; widows: 2; word-spacing: 0px; -webkit-text-stroke-width: 0px; background-color: rgb(255, 255, 255); text-decoration-style: initial; text-decoration-color: initial;">\r\n	<strong style="margin: 0px; padding: 0px; border: 0px; font-size: 13px; vertical-align: baseline; font-weight: bold;"><em style="margin: 0px; padding: 0px; border: 0px; font-size: 13px; vertical-align: baseline; font-style: italic;">&ndash; Vận hành máy phun sương đúng nơi, đúng thời điểm</em></strong>\r\n</h3>\r\n\r\n<p style="margin: 0px 0px 10px; padding: 0px; border: 0px; font-size: 12px; vertical-align: baseline; color: rgb(85, 85, 85); font-family: Arial, Geneva, sans-serif; font-style: normal; font-variant-ligatures: normal; font-variant-caps: normal; font-weight: 400; letter-spacing: normal; orphans: 2; text-align: justify; text-indent: 0px; text-transform: none; white-space: normal; widows: 2; word-spacing: 0px; -webkit-text-stroke-width: 0px; background-color: rgb(255, 255, 255); text-decoration-style: initial; text-decoration-color: initial;">\r\n	Trong quá trình hoạt động, máy tạo ra lượng ẩm khá lớn nên bạn lưu ý phải lắp đặt<span>&nbsp;</span><strong style="margin: 0px; padding: 0px; border: 0px; font-size: 12px; vertical-align: baseline; font-weight: bold;">hệ thống máy phun sương làm&nbsp; mát quán cafe<span>&nbsp;</span></strong>tránh xa những thiết bị điện và điện máy, tránh hơi ẩm có thể gây ảnh hưởng đến thiết bị đó. Đặc biệt, những hôm thời tiết có độ ẩm cao, bạn nên cho máy ngừng hoạt động. Vì khi độ ẩm quá cao thì máy sẽ không hoạt động bình thường.\r\n</p>\r\n\r\n<p style="margin: 0px 0px 10px; padding: 0px; border: 0px; border-image: none; text-align: center; color: rgb(85, 85, 85); text-transform: none; text-indent: 0px; letter-spacing: normal; font-family: Arial,Geneva,sans-serif; font-size: 12px; font-style: normal; font-weight: 400; word-spacing: 0px; vertical-align: baseline; white-space: normal; orphans: 2; widows: 2; -webkit-text-stroke-width: 0px; background-color: rgb(255, 255, 255);">\r\n	<img alt="" src="http://phunsuongcongnghe.com/images/uploads/images/duan/cach-chon-va-su-dung-may-phun-suong-quan-cafe-03.jpg" style="width: 50%; height: 50%;">\r\n</p>\r\n\r\n<h3 style="margin: 10px 0px; padding: 0px; border: 0px; font-size: 13px; vertical-align: baseline; font-weight: bold; font-family: Arial, Geneva, sans-serif; line-height: 1.5; color: rgb(85, 85, 85); text-rendering: optimizeLegibility; font-style: normal; font-variant-ligatures: normal; font-variant-caps: normal; letter-spacing: normal; orphans: 2; text-align: justify; text-indent: 0px; text-transform: none; white-space: normal; widows: 2; word-spacing: 0px; -webkit-text-stroke-width: 0px; background-color: rgb(255, 255, 255); text-decoration-style: initial; text-decoration-color: initial;">\r\n	<strong style="margin: 0px; padding: 0px; border: 0px; font-size: 13px; vertical-align: baseline; font-weight: bold;"><em style="margin: 0px; padding: 0px; border: 0px; font-size: 13px; vertical-align: baseline; font-style: italic;">&ndash; Vệ sinh máy phun sương định kì</em></strong>\r\n</h3>\r\n\r\n<p style="margin: 0px 0px 10px; padding: 0px; border: 0px; font-size: 12px; vertical-align: baseline; color: rgb(85, 85, 85); font-family: Arial, Geneva, sans-serif; font-style: normal; font-variant-ligatures: normal; font-variant-caps: normal; font-weight: 400; letter-spacing: normal; orphans: 2; text-align: justify; text-indent: 0px; text-transform: none; white-space: normal; widows: 2; word-spacing: 0px; -webkit-text-stroke-width: 0px; background-color: rgb(255, 255, 255); text-decoration-style: initial; text-decoration-color: initial;">\r\n	Hàng tháng, bạn nên kiểm tra độ an toàn của<span>&nbsp;</span><strong style="margin: 0px; padding: 0px; border: 0px; font-size: 12px; vertical-align: baseline; font-weight: bold;">hệ thống phun sương quá cafe</strong><span>&nbsp;</span>cũng như vệ sinh máy sạch sẽ. Còn đối với bình chứa nước thì tùy vào nguồn nước của bạn có sạch hay không để vệ sinh bồn chứa. Một tuần bạn nên vệ sinh một lần. Nếu nguồn nước gia đình bạn bị nhiễm khuẩn thì nên thường xuyên vệ sinh máy<span>&nbsp;</span><strong style="margin: 0px; padding: 0px; border: 0px; font-size: 12px; vertical-align: baseline; font-weight: bold;">phun sương quán cafe.</strong><span>&nbsp;</span>Điều này sẽ &nbsp;giúp<strong style="margin: 0px; padding: 0px; border: 0px; font-size: 12px; vertical-align: baseline; font-weight: bold;">&nbsp;</strong>tránh vi khuẩn phát tán ra môi trường.\r\n</p>\r\n\r\n<p style="margin: 0px 0px 10px; padding: 0px; border: 0px; font-size: 12px; vertical-align: baseline; color: rgb(85, 85, 85); font-family: Arial, Geneva, sans-serif; font-style: normal; font-variant-ligatures: normal; font-variant-caps: normal; font-weight: 400; letter-spacing: normal; orphans: 2; text-align: justify; text-indent: 0px; text-transform: none; white-space: normal; widows: 2; word-spacing: 0px; -webkit-text-stroke-width: 0px; background-color: rgb(255, 255, 255); text-decoration-style: initial; text-decoration-color: initial;">\r\n	Tóm lại, với công dụng làm mát tuyệt vời, máy phun sương chính là vị cứu tinh của mùa hè. Bạn hãy tìm hiểu và lựa chọn cho mình địa chỉ<span>&nbsp;</span><strong style="margin: 0px; padding: 0px; border: 0px; font-size: 12px; vertical-align: baseline; font-weight: bold;">bán máy phun sương quán cafe</strong><span>&nbsp;</span>chất lượng nhé.\r\n</p>', 'serviceinfo.index', 'images/uploads/images/duan/cach-chon-va-su-dung-may-phun-suong-quan-cafe.jpg', 'CÁCH CHỌN VÀ SỬ DỤNG MÁY PHUN SƯƠNG QUÁN CAFE ĐỂ CÓ ĐƯỢC ĐỘ BỀN TỐI ƯU', '<p>\r\n	CÁCH CHỌN VÀ SỬ DỤNG MÁY PHUN SƯƠNG QUÁN CAFE ĐỂ CÓ ĐƯỢC ĐỘ BỀN TỐI ƯU\r\n</p>', 'CÁCH CHỌN VÀ SỬ DỤNG MÁY PHUN SƯƠNG QUÁN CAFE ĐỂ CÓ ĐƯỢC ĐỘ BỀN TỐI ƯU', 4, 4, 1, 1, '2018-03-16 14:53:22', '2018-03-22 14:22:31'),
(11, 'CHUYÊN SỬA CHỮA MÁY PHUN SƯƠNG TẠI TP.HCM', 'chuyen-sua-chua-may-phun-suong-tai-tphcm', '<p>\r\n	<b><font color="#555555"><font size="2">Ch</font></font></b>úng Tôi<span style="font-size:12px; text-align:justify; -webkit-text-stroke-width:0px"><span style="color:#555555"><span style="font-family:Arial, Geneva, sans-serif"><span style="font-style:normal"><span style="font-variant-ligatures:normal"><span style="font-variant-caps:normal"><span style="font-weight:400"><span style="letter-spacing:normal"><span style="orphans:2"><span style="text-transform:none"><span style="white-space:normal"><span style="widows:2"><span style="word-spacing:0px"><span style="background-color:#ffffff"><span style="text-decoration-style:initial"><span style="text-decoration-color:initial"><span style="display:inline !important"><span style="float:none"> chuyên cung cấp dịch vụ&nbsp;</span></span></span></span></span></span></span></span></span></span></span></span></span></span></span></span></span></span>sửa chữa máy phun sương<span style="font-size:12px; text-align:justify; -webkit-text-stroke-width:0px"><span style="color:#555555"><span style="font-family:Arial, Geneva, sans-serif"><span style="font-style:normal"><span style="font-variant-ligatures:normal"><span style="font-variant-caps:normal"><span style="font-weight:400"><span style="letter-spacing:normal"><span style="orphans:2"><span style="text-transform:none"><span style="white-space:normal"><span style="widows:2"><span style="word-spacing:0px"><span style="background-color:#ffffff"><span style="text-decoration-style:initial"><span style="text-decoration-color:initial"><span style="display:inline !important"><span style="float:none">&nbsp;tận nhà trên địa bàn thành phố HCM. Với nhiều năm kinh nghiệm trong việc mua bán sửa chữa quạt phun sương, chúng tôi sẽ đảm bảo mang đến cho quý khách hàng một dịch vụ chuyên nghiệp &ndash; uy tín nhất.</span></span></span></span></span></span></span></span></span></span></span></span></span></span></span></span></span></span>\r\n</p>', '<p>\r\n	<span style="color: rgb(85, 85, 85); font-family: Arial, Geneva, sans-serif; font-size: 12px; font-style: normal; font-variant-ligatures: normal; font-variant-caps: normal; font-weight: 400; letter-spacing: normal; orphans: 2; text-align: justify; text-indent: 0px; text-transform: none; white-space: normal; widows: 2; word-spacing: 0px; -webkit-text-stroke-width: 0px; background-color: rgb(255, 255, 255); text-decoration-style: initial; text-decoration-color: initial; display: inline !important; float: none;">Máy phun sương là thiết bị làm mát hiện đại được sử dụng rộng rãi trong các xí nghiệp, nhà máy, sân vườn, nhà ở&hellip; Đây là dòng sản phẩm có nhiều tính năng nổi bật và giá cả tương đối phù hợp với mọi nhu cầu khách hàng.Tuy nhiên, trong quá trình hoạt động, sẽ không tránh khỏi tình trạng máy bị hỏng hóc, gặp sự cố ngoài ý muốn hay đến thời hạn phải bảo dưỡng, bảo hành. Lúc bấy giờ, việc tìm kiếm một đơn vị chuyên sửa chữa tận nơi là điều cần thiết. Đó chình là lý do dịch vụ sửa chữa máy phun sương Công Ty Khánh Xuân ra đời để phục vụ các bạn.</span>\r\n</p>\r\n\r\n<p style="text-align: center;">\r\n	<span style="color: rgb(85, 85, 85); font-family: Arial, Geneva, sans-serif; font-size: 12px; font-style: normal; font-variant-ligatures: normal; font-variant-caps: normal; font-weight: 400; letter-spacing: normal; orphans: 2; text-align: justify; text-indent: 0px; text-transform: none; white-space: normal; widows: 2; word-spacing: 0px; -webkit-text-stroke-width: 0px; background-color: rgb(255, 255, 255); text-decoration-style: initial; text-decoration-color: initial; display: inline !important; float: none;"><img alt="" src="http://phunsuongcongnghe.com/images/uploads/images/duan/lap-dat-may-phun-suong-quan-10-600x449.jpg" style="width: 50%; height: 50%;"></span>\r\n</p>\r\n\r\n<p style="margin: 0px 0px 10px; padding: 0px; border: 0px; font-size: 12px; vertical-align: baseline; color: rgb(85, 85, 85); font-family: Arial, Geneva, sans-serif; font-style: normal; font-variant-ligatures: normal; font-variant-caps: normal; font-weight: 400; letter-spacing: normal; orphans: 2; text-align: justify; text-indent: 0px; text-transform: none; white-space: normal; widows: 2; word-spacing: 0px; -webkit-text-stroke-width: 0px; background-color: rgb(255, 255, 255); text-decoration-style: initial; text-decoration-color: initial;">\r\n	Dịch vụ<span>&nbsp;</span><strong style="margin: 0px; padding: 0px; border: 0px; font-size: 12px; vertical-align: baseline; font-weight: bold;">sửa chữa máy phun sương</strong> chuyên nhận khắc hục các sự cố:\r\n</p>\r\n\r\n<p style="margin: 0px 0px 10px; padding: 0px; border: 0px; font-size: 12px; vertical-align: baseline; color: rgb(85, 85, 85); font-family: Arial, Geneva, sans-serif; font-style: normal; font-variant-ligatures: normal; font-variant-caps: normal; font-weight: 400; letter-spacing: normal; orphans: 2; text-align: justify; text-indent: 0px; text-transform: none; white-space: normal; widows: 2; word-spacing: 0px; -webkit-text-stroke-width: 0px; background-color: rgb(255, 255, 255); text-decoration-style: initial; text-decoration-color: initial;">\r\n	&ndash; Sửa chữa quạt không hoạt động<br>\r\n	&ndash; Sửa chữa quạt bị rung<br>\r\n	&ndash; Sửa chữa quạt không có sương phun ra<br>\r\n	&ndash; Chức năng phun sương không hoạt động<br>\r\n	&ndash; Đèn báo không sáng<br>\r\n	&ndash; Các tình huống khác&hellip;.\r\n</p>\r\n\r\n<p style="margin: 0px 0px 10px; padding: 0px; border: 0px; font-size: 12px; vertical-align: baseline; color: rgb(85, 85, 85); font-family: Arial, Geneva, sans-serif; font-style: normal; font-variant-ligatures: normal; font-variant-caps: normal; font-weight: 400; letter-spacing: normal; orphans: 2; text-align: justify; text-indent: 0px; text-transform: none; white-space: normal; widows: 2; word-spacing: 0px; -webkit-text-stroke-width: 0px; background-color: rgb(255, 255, 255); text-decoration-style: initial; text-decoration-color: initial;">\r\n	Dịch vụ<span>&nbsp;</span><strong style="margin: 0px; padding: 0px; border: 0px; font-size: 12px; vertical-align: baseline; font-weight: bold;">sửa chữa máy phun sương</strong> cam kết:\r\n</p>\r\n\r\n<p style="margin: 0px 0px 10px; padding: 0px; border: 0px; font-size: 12px; vertical-align: baseline; color: rgb(85, 85, 85); font-family: Arial, Geneva, sans-serif; font-style: normal; font-variant-ligatures: normal; font-variant-caps: normal; font-weight: 400; letter-spacing: normal; orphans: 2; text-align: justify; text-indent: 0px; text-transform: none; white-space: normal; widows: 2; word-spacing: 0px; -webkit-text-stroke-width: 0px; background-color: rgb(255, 255, 255); text-decoration-style: initial; text-decoration-color: initial;">\r\n	&ndash; Hướng dẫn, tư vấn miễn phí cách khắc phục những sự cố thông thường của quạt phun sương, quạt hơi nước, kiểm tra và báo giá miễn phí tại nhà cho khách hàng.<br>\r\n	&ndash; Đội ngũ kỹ sư chuyên môn cao, có nhiều năm kinh nghiệm trong nghề, được đào tạo tại các hãng sửa chữa máy quạt hàng đầu cả nước.<br>\r\n	&ndash; Phục vụ nhanh chóng, kịp thời 24/7.<br>\r\n	&ndash; Sửa chữa và thay thế bằng linh kiện chính hãng.<br>\r\n	&ndash; Giá thành rẻ, cạnh tranh nhất thị trường.<br>\r\n	&ndash; Sửa chữa có bảo hành đúng thời hạn.\r\n</p>\r\n\r\n<p style="margin: 0px 0px 10px; padding: 0px; border: 0px; font-size: 12px; vertical-align: baseline; color: rgb(85, 85, 85); font-family: Arial, Geneva, sans-serif; font-style: normal; font-variant-ligatures: normal; font-variant-caps: normal; font-weight: 400; letter-spacing: normal; orphans: 2; text-align: justify; text-indent: 0px; text-transform: none; white-space: normal; widows: 2; word-spacing: 0px; -webkit-text-stroke-width: 0px; background-color: rgb(255, 255, 255); text-decoration-style: initial; text-decoration-color: initial;">\r\n	Chất lượng dịch vụ<span>&nbsp;</span><em style="margin: 0px; padding: 0px; border: 0px; font-size: 12px; vertical-align: baseline; font-style: italic;">sữa chữa máy phun sương</em> đã được khách hàng ghi nhận qua nhiều năm. Nếu quý khách có nhu cầu, xin vui lòng liên hệ trực tiếp đến công ty chúng tôi để được tư vấn và biết thêm thông tin chi tiết.\r\n</p>', 'serviceinfo.index', 'images/uploads/images/duan/lap-dat-may-phun-suong-quan-10-600x449.jpg', 'CHUYÊN SỬA CHỮA MÁY PHUN SƯƠNG TẠI TP.HCM', '<p>\r\n	CHUYÊN SỬA CHỮA MÁY PHUN SƯƠNG TẠI TP.HCM\r\n</p>', 'CHUYÊN SỬA CHỮA MÁY PHUN SƯƠNG TẠI TP.HCM', 4, 4, 1, 1, '2018-03-16 14:56:45', '2018-03-22 14:26:59'),
(12, 'Dự Án Đã Thực Hiện', 'du-an-da-thuc-hien', '<p>\r\n	Dự Án Đã Thực Hiện\r\n</p>', '<p>\r\n	Dự Án Đã Thực Hiện\r\n</p>', NULL, 'images/uploads/images/gt_1.jpg', 'Dự Án Đã Thực Hiện', '<p>\r\n	Dự Án Đã Thực Hiện\r\n</p>', 'Dự Án Đã Thực Hiện', 1, NULL, 1, 1, '2018-03-17 02:40:23', '2018-03-17 02:40:23'),
(13, 'Thi công lắp đặt máy phun sương tại TpHCM', 'thi-cong-lap-dat-may-phun-suong-tai-tphcm', '<h1 style="margin: 10px 0px; padding: 0px; border: 0px; font-size: 13px; vertical-align: baseline; font-weight: bold; font-family: Arial, Geneva, sans-serif; line-height: 1.5; color: rgb(85, 85, 85); text-rendering: optimizeLegibility; font-style: normal; font-variant-ligatures: normal; font-variant-caps: normal; letter-spacing: normal; orphans: 2; text-align: justify; text-indent: 0px; text-transform: none; white-space: normal; widows: 2; word-spacing: 0px; -webkit-text-stroke-width: 0px; background-color: rgb(255, 255, 255); text-decoration-style: initial; text-decoration-color: initial;">\r\n	<span style="margin: 0px; padding: 0px; border: 0px; font-size: 13px; vertical-align: baseline; color: rgb(255, 0, 0);"><em style="margin: 0px; padding: 0px; border: 0px; font-size: 13px; vertical-align: baseline; font-style: italic;"><strong style="margin: 0px; padding: 0px; border: 0px; font-size: 13px; vertical-align: baseline; font-weight: bold;">Thi công lắp đặt máy phun sương, hệ thống phun sương tại TpHCM</strong></em></span>\r\n</h1>\r\n\r\n<p style="margin: 0px 0px 10px; padding: 0px; border: 0px; font-size: 12px; vertical-align: baseline; color: rgb(85, 85, 85); font-family: Arial, Geneva, sans-serif; font-style: normal; font-variant-ligatures: normal; font-variant-caps: normal; font-weight: 400; letter-spacing: normal; orphans: 2; text-align: justify; text-indent: 0px; text-transform: none; white-space: normal; widows: 2; word-spacing: 0px; -webkit-text-stroke-width: 0px; background-color: rgb(255, 255, 255); text-decoration-style: initial; text-decoration-color: initial;">\r\n	<b style="margin: 0px; padding: 0px; border: 0px; font-size: 12px; vertical-align: baseline;">Thi công lắp đặt máy phun sương<span>&nbsp;</span>hệ thống phun sương<span>&nbsp;</span>tại TpHCM</b><span style="margin: 0px; padding: 0px; border: 0px; font-size: 12px; vertical-align: baseline; font-weight: 400;"><span>&nbsp;</span>do chính công ty<span>&nbsp;</span></span><b style="margin: 0px; padding: 0px; border: 0px; font-size: 12px; vertical-align: baseline;">Phun sương Khánh Xuân</b><span style="margin: 0px; padding: 0px; border: 0px; font-size: 12px; vertical-align: baseline; font-weight: 400;"><span>&nbsp;</span>giám sát và cung cấp lắp đặt. Hoạt động trong nhiều năm với đội ngũ nhân viên chuyên nghiệp sáng tạo, &nbsp;chúng tôi đã thi công rất nhiều các công trình lắp đặt máy phun sương, hệ thống phun sương cho nhiều khách hàng và được sự đánh giá cao</span>\r\n</p>', '<h2 style="margin: 10px 0px; padding: 0px; border: 0px; font-size: 13px; vertical-align: baseline; font-weight: bold; font-family: Arial, Geneva, sans-serif; line-height: 1.5; color: rgb(85, 85, 85); text-rendering: optimizeLegibility; font-style: normal; font-variant-ligatures: normal; font-variant-caps: normal; letter-spacing: normal; orphans: 2; text-align: justify; text-indent: 0px; text-transform: none; white-space: normal; widows: 2; word-spacing: 0px; -webkit-text-stroke-width: 0px; background-color: rgb(255, 255, 255); text-decoration-style: initial; text-decoration-color: initial;">\r\n	<span style="margin: 0px; padding: 0px; border: 0px; font-size: 13px; vertical-align: baseline; font-weight: 400;"><span>&nbsp;</span>&nbsp; &nbsp; &nbsp;<span style="margin: 0px; padding: 0px; border: 0px; font-size: 13px; vertical-align: baseline; color: rgb(255, 0, 0);"><em style="margin: 0px; padding: 0px; border: 0px; font-size: 13px; vertical-align: baseline; font-style: italic;"><strong style="margin: 0px; padding: 0px; border: 0px; font-size: 13px; vertical-align: baseline; font-weight: bold;">1. Các công trình thi công lắp đặt máy phun sương,<span>&nbsp;</span></strong></em></span></span><span style="margin: 0px; padding: 0px; border: 0px; font-size: 13px; vertical-align: baseline; color: rgb(255, 0, 0);"><em style="margin: 0px; padding: 0px; border: 0px; font-size: 13px; vertical-align: baseline; font-style: italic;"><strong style="margin: 0px; padding: 0px; border: 0px; font-size: 13px; vertical-align: baseline; font-weight: bold;"><a href="http://phunsuongkhanhxuan.com/lap-dat-may-phun-suong/" style="margin: 0px; padding: 0px; border: 0px; font-size: 13px; vertical-align: baseline; color: rgb(255, 0, 0); text-decoration: none;">hệ thống phun sương</a><span>&nbsp;</span>tại TpHCM.</strong></em></span>\r\n</h2>\r\n\r\n<p style="margin: 0px 0px 10px; padding: 0px; border: 0px; font-size: 12px; vertical-align: baseline; color: rgb(85, 85, 85); font-family: Arial, Geneva, sans-serif; font-style: normal; font-variant-ligatures: normal; font-variant-caps: normal; font-weight: 400; letter-spacing: normal; orphans: 2; text-align: justify; text-indent: 0px; text-transform: none; white-space: normal; widows: 2; word-spacing: 0px; -webkit-text-stroke-width: 0px; background-color: rgb(255, 255, 255); text-decoration-style: initial; text-decoration-color: initial;">\r\n	<span style="margin: 0px; padding: 0px; border: 0px; font-size: 12px; vertical-align: baseline; font-weight: 400;">Để khẳng định vị thế của mình trên thị trường Việt Nam được khách hàng &nbsp;tin tưởng để sử dụng máy phun sương, các thiết bị làm mát công ty Phun sương Khánh Xuân cung cấp không phải là chuyện đơn giản vì hiện nay tại TpHCM có rất nhiều nơi cung cấp máy phun sương với giá thành rẻ với giá thành khác nhau nhằm cạnh tranh và có được khách hàng</span>\r\n</p>\r\n\r\n<p style="margin: 0px 0px 10px; padding: 0px; border: 0px; font-size: 12px; vertical-align: baseline; color: rgb(85, 85, 85); font-family: Arial, Geneva, sans-serif; font-style: normal; font-variant-ligatures: normal; font-variant-caps: normal; font-weight: 400; letter-spacing: normal; orphans: 2; text-align: justify; text-indent: 0px; text-transform: none; white-space: normal; widows: 2; word-spacing: 0px; -webkit-text-stroke-width: 0px; background-color: rgb(255, 255, 255); text-decoration-style: initial; text-decoration-color: initial;">\r\n	<b style="margin: 0px; padding: 0px; border: 0px; font-size: 12px; vertical-align: baseline;">Ch</b>úng tôi<span style="margin: 0px; padding: 0px; border: 0px; font-size: 12px; vertical-align: baseline; font-weight: 400;"><span> </span>đã thi công rất nhiều công trình tại TpHCM và các tỉnh thành khác nhau nhằm mang lại những dịch vụ tốt nhất cho khách hàng Khách hàng cần chúng tôi luôn sẵn sàng hỗ trợ để mang lại những dịch vụ tốt lắp đặt máy phun sương,<span>&nbsp;</span></span><b style="margin: 0px; padding: 0px; border: 0px; font-size: 12px; vertical-align: baseline;">hệ thống phun sương</b>\r\n</p>\r\n\r\n<p style="margin: 0px 0px 10px; padding: 0px; border: 0px; font-size: 12px; vertical-align: baseline; color: rgb(85, 85, 85); font-family: Arial, Geneva, sans-serif; font-style: normal; font-variant-ligatures: normal; font-variant-caps: normal; font-weight: 400; letter-spacing: normal; orphans: 2; text-align: justify; text-indent: 0px; text-transform: none; white-space: normal; widows: 2; word-spacing: 0px; -webkit-text-stroke-width: 0px; background-color: rgb(255, 255, 255); text-decoration-style: initial; text-decoration-color: initial;">\r\n	<span style="margin: 0px; padding: 0px; border: 0px; font-size: 12px; vertical-align: baseline; font-weight: 400;">Thi công lắp đặt máy phun sương,<span>&nbsp;</span></span><b style="margin: 0px; padding: 0px; border: 0px; font-size: 12px; vertical-align: baseline;">hệ thống phun sương</b><span style="margin: 0px; padding: 0px; border: 0px; font-size: 12px; vertical-align: baseline; font-weight: 400;"><span>&nbsp;</span>như lắp máy phun sương cho Nhà Hàng Bên Sông, Công trình phun sương tưới sầu riêng 1ha tại Vĩnh Long,<span>&nbsp;</span><strong style="margin: 0px; padding: 0px; border: 0px; font-size: 12px; vertical-align: baseline; font-weight: bold;">Công trình phun sương khử mùi nhà máy tại Cà Mau</strong>, Phun sương khử mùi nhà lồng chợ Bình Điền, lắp đặt máy phun sương cho quán cafe,&hellip;</span>\r\n</p>\r\n\r\n<p style="margin: 0px 0px 10px; padding: 0px; border: 0px; border-image: none; text-align: center; color: rgb(85, 85, 85); text-transform: none; text-indent: 0px; letter-spacing: normal; font-family: Arial,Geneva,sans-serif; font-size: 12px; font-style: normal; font-weight: 400; word-spacing: 0px; vertical-align: baseline; white-space: normal; orphans: 2; widows: 2; -webkit-text-stroke-width: 0px; background-color: rgb(255, 255, 255);">\r\n	<span style="margin: 0px; padding: 0px; border: 0px; font-size: 12px; vertical-align: baseline; font-weight: 400;"><img alt="" src="http://phunsuongcongnghe.com/images/uploads/images/duan/thi-cong-lap-dat-may-phun-suong-he-thong-phun-suong-tai-tphcm-1.jpg" style="width: 50%; height: 50%;"></span>\r\n</p>\r\n\r\n<h2 style="margin: 10px 0px; padding: 0px; border: 0px; font-size: 13px; vertical-align: baseline; font-weight: bold; font-family: Arial, Geneva, sans-serif; line-height: 1.5; color: rgb(85, 85, 85); text-rendering: optimizeLegibility; font-style: normal; font-variant-ligatures: normal; font-variant-caps: normal; letter-spacing: normal; orphans: 2; text-align: justify; text-indent: 0px; text-transform: none; white-space: normal; widows: 2; word-spacing: 0px; -webkit-text-stroke-width: 0px; background-color: rgb(255, 255, 255); text-decoration-style: initial; text-decoration-color: initial;">\r\n	<span style="margin: 0px; padding: 0px; border: 0px; font-size: 13px; vertical-align: baseline; font-weight: 400;"><span style="margin: 0px; padding: 0px; border: 0px; font-size: 13px; vertical-align: baseline; color: rgb(255, 0, 0);"><em style="margin: 0px; padding: 0px; border: 0px; font-size: 13px; vertical-align: baseline; font-style: italic;"><strong style="margin: 0px; padding: 0px; border: 0px; font-size: 13px; vertical-align: baseline; font-weight: bold;">2. Tại sao nên lựa chọn nơi thi công lắp đặt máy phun sương<span>&nbsp;</span></strong></em></span></span><span style="margin: 0px; padding: 0px; border: 0px; font-size: 13px; vertical-align: baseline; color: rgb(255, 0, 0);"><em style="margin: 0px; padding: 0px; border: 0px; font-size: 13px; vertical-align: baseline; font-style: italic;"><strong style="margin: 0px; padding: 0px; border: 0px; font-size: 13px; vertical-align: baseline; font-weight: bold;"><a href="http://phunsuongkhanhxuan.com/lap-dat-may-phun-suong/" style="margin: 0px; padding: 0px; border: 0px; font-size: 13px; vertical-align: baseline; color: rgb(255, 0, 0); text-decoration: none;">hệ thống phun sương</a><span>&nbsp;</span>tại TpHCM.</strong></em></span>\r\n</h2>\r\n\r\n<p style="margin: 0px 0px 10px; padding: 0px; border: 0px; font-size: 12px; vertical-align: baseline; color: rgb(85, 85, 85); font-family: Arial, Geneva, sans-serif; font-style: normal; font-variant-ligatures: normal; font-variant-caps: normal; font-weight: 400; letter-spacing: normal; orphans: 2; text-align: justify; text-indent: 0px; text-transform: none; white-space: normal; widows: 2; word-spacing: 0px; -webkit-text-stroke-width: 0px; background-color: rgb(255, 255, 255); text-decoration-style: initial; text-decoration-color: initial;">\r\n	<b style="margin: 0px; padding: 0px; border: 0px; font-size: 12px; vertical-align: baseline;">Ch</b>úng tôi<span style="margin: 0px; padding: 0px; border: 0px; font-size: 12px; vertical-align: baseline; font-weight: 400;"><span> </span>là đơn vị chuyên cung cấp các dịch vụ lắp đặt sửa chữa máy phun sương tại các quận huyện địa bàn TpHCM, &nbsp;cung cấp máy phun sương, lắp đặt máy phun sương, cung cấp<span>&nbsp;</span></span><b style="margin: 0px; padding: 0px; border: 0px; font-size: 12px; vertical-align: baseline;">hệ thống phun sương</b><span style="margin: 0px; padding: 0px; border: 0px; font-size: 12px; vertical-align: baseline; font-weight: 400;"><span>&nbsp;</span>đáp ứng mọi nhu cầu của khách hàng</span>\r\n</p>\r\n\r\n<p style="margin: 0px 0px 10px; padding: 0px; border: 0px; font-size: 12px; vertical-align: baseline; color: rgb(85, 85, 85); font-family: Arial, Geneva, sans-serif; font-style: normal; font-variant-ligatures: normal; font-variant-caps: normal; font-weight: 400; letter-spacing: normal; orphans: 2; text-align: justify; text-indent: 0px; text-transform: none; white-space: normal; widows: 2; word-spacing: 0px; -webkit-text-stroke-width: 0px; background-color: rgb(255, 255, 255); text-decoration-style: initial; text-decoration-color: initial;">\r\n	<span style="margin: 0px; padding: 0px; border: 0px; font-size: 12px; vertical-align: baseline; font-weight: 400;">Với giá thành rẻ so với thị trường chất liệu dịch vụ chúng tôi luôn đảm bảo cam kết 100% sản phẩm là hàng chính hãng và chất lượng</span>\r\n</p>\r\n\r\n<p style="margin: 0px 0px 10px; padding: 0px; border: 0px; font-size: 12px; vertical-align: baseline; color: rgb(85, 85, 85); font-family: Arial, Geneva, sans-serif; font-style: normal; font-variant-ligatures: normal; font-variant-caps: normal; font-weight: 400; letter-spacing: normal; orphans: 2; text-align: justify; text-indent: 0px; text-transform: none; white-space: normal; widows: 2; word-spacing: 0px; -webkit-text-stroke-width: 0px; background-color: rgb(255, 255, 255); text-decoration-style: initial; text-decoration-color: initial;">\r\n	<span style="margin: 0px; padding: 0px; border: 0px; font-size: 12px; vertical-align: baseline; font-weight: 400;">Lựa chọn dịch vụ của chúng tôi quý khách luôn được đảm bảo chất lượng tốt nhất và yên tâm về giá cả.</span>\r\n</p>\r\n\r\n<p style="margin: 0px 0px 10px; padding: 0px; border: 0px; font-size: 12px; vertical-align: baseline; color: rgb(85, 85, 85); font-family: Arial, Geneva, sans-serif; font-style: normal; font-variant-ligatures: normal; font-variant-caps: normal; font-weight: 400; letter-spacing: normal; orphans: 2; text-align: justify; text-indent: 0px; text-transform: none; white-space: normal; widows: 2; word-spacing: 0px; -webkit-text-stroke-width: 0px; background-color: rgb(255, 255, 255); text-decoration-style: initial; text-decoration-color: initial;">\r\n	<span style="margin: 0px; padding: 0px; border: 0px; font-size: 12px; vertical-align: baseline; font-weight: 400;">Cùng đội ngũ nhân viên lắp đặt<span>&nbsp;</span><strong style="margin: 0px; padding: 0px; border: 0px; font-size: 12px; vertical-align: baseline; font-weight: bold;">máy phun sương</strong><span>&nbsp;</span>chuyên nghiệp, với phương châm: &ldquo;Nhanh chóng &ndash; Chuyên Nghiệp &ndash; Chất lượng &ndash; Giá Tốt Nhất vì thế chúng tôi luôn được sự tin tưởng của khách hàng</span>\r\n</p>\r\n\r\n<p style="margin: 0px 0px 10px; padding: 0px; border: 0px; border-image: none; text-align: center; color: rgb(85, 85, 85); text-transform: none; text-indent: 0px; letter-spacing: normal; font-family: Arial,Geneva,sans-serif; font-size: 12px; font-style: normal; font-weight: 400; word-spacing: 0px; vertical-align: baseline; white-space: normal; orphans: 2; widows: 2; -webkit-text-stroke-width: 0px; background-color: rgb(255, 255, 255);">\r\n	<img alt="" src="http://phunsuongcongnghe.com/images/uploads/images/duan/thi-cong-lap-dat-may-phun-suong-he-thong-phun-suong-tai-tphcm-2.jpg" style="width: 50%; height: 50%;">\r\n</p>\r\n\r\n<p style="margin: 0px 0px 10px; padding: 0px; border: 0px; border-image: none; color: rgb(85, 85, 85); text-transform: none; text-indent: 0px; letter-spacing: normal; font-family: Arial,Geneva,sans-serif; font-size: 12px; font-style: normal; font-weight: 400; word-spacing: 0px; vertical-align: baseline; white-space: normal; orphans: 2; widows: 2; -webkit-text-stroke-width: 0px; background-color: rgb(255, 255, 255);">\r\n	<span style="margin: 0px; padding: 0px; border: 0px; font-size: 12px; vertical-align: baseline; color: rgb(85, 85, 85); font-family: Arial, Geneva, sans-serif; font-style: normal; font-variant-ligatures: normal; font-variant-caps: normal; font-weight: 400; letter-spacing: normal; orphans: 2; text-align: justify; text-indent: 0px; text-transform: none; white-space: normal; widows: 2; word-spacing: 0px; -webkit-text-stroke-width: 0px; background-color: rgb(255, 255, 255); text-decoration-style: initial; text-decoration-color: initial;">Ngoài ra chúng tôi còn nhận</span><b style="margin: 0px; padding: 0px; border: 0px; font-size: 12px; vertical-align: baseline;"><span>&nbsp;</span>thi công lắp đặt máy phun sương hệ thống phun sương tại TpHCM</b><span style="margin: 0px; padding: 0px; border: 0px; font-size: 12px; vertical-align: baseline; color: rgb(85, 85, 85); font-family: Arial, Geneva, sans-serif; font-style: normal; font-variant-ligatures: normal; font-variant-caps: normal; font-weight: 400; letter-spacing: normal; orphans: 2; text-align: justify; text-indent: 0px; text-transform: none; white-space: normal; widows: 2; word-spacing: 0px; -webkit-text-stroke-width: 0px; background-color: rgb(255, 255, 255); text-decoration-style: initial; text-decoration-color: initial;">: Quận 1, Quận 2, Quận 3, Quận 4, Quận 5, Quận 6, Quận7, Quận 8, Quận 9, Quận 10, Quận 11, Quận 12, Quận Gò Vấp, Quận Bình Thanh, Quận Tân Phú, Quận Thủ Đức, Quận Bình Tân, Huyện Bình Chánh, Huyện Cần Giờ, Huyện Hóc Môn, Huyện Củ Chi, Quận Phú Nhuận, Huyện Nhà Bè.</span>\r\n</p>', 'serviceinfo.index', 'images/uploads/images/duan/thi-cong-lap-dat-may-phun-suong-he-thong-phun-suong-tai-tphcm.jpg', 'Thi công lắp đặt máy phun sương tại TpHCM', '<p>\r\n	Thi công lắp đặt máy phun sương tại TpHCMCông Trình Quận 10\r\n</p>', 'Thi công lắp đặt máy phun sương tại TpHCM', 3, 3, 1, 1, '2018-03-17 02:44:57', '2018-03-22 14:32:30'),
(14, 'Trọn Bộ Máy Phun Sương', 'tron-bo-may-phun-suong', '<p>\r\n	Trọn Bộ Máy Phun Sương\r\n</p>', '<p>\r\n	Trọn Bộ Máy Phun Sương\r\n</p>', NULL, 'images/uploads/images/gt_1.jpg', 'Trọn Bộ Máy Phun Sương', '<p>\r\n	Trọn Bộ Máy Phun Sương\r\n</p>', 'Trọn Bộ Máy Phun Sương', 1, NULL, 1, 1, '2018-03-20 06:11:43', '2018-03-20 06:11:43');

-- --------------------------------------------------------

--
-- Table structure for table `products`
--

CREATE TABLE IF NOT EXISTS `products` (
  `id` int(10) unsigned NOT NULL AUTO_INCREMENT,
  `name` varchar(191) COLLATE utf8mb4_unicode_ci NOT NULL,
  `path` varchar(191) COLLATE utf8mb4_unicode_ci NOT NULL,
  `isActive` tinyint(1) NOT NULL DEFAULT '0',
  `image` varchar(191) COLLATE utf8mb4_unicode_ci DEFAULT NULL,
  `description` longtext COLLATE utf8mb4_unicode_ci,
  `content` longtext COLLATE utf8mb4_unicode_ci NOT NULL,
  `seo_title` varchar(191) COLLATE utf8mb4_unicode_ci DEFAULT NULL,
  `seo_description` text COLLATE utf8mb4_unicode_ci,
  `seo_keywords` text COLLATE utf8mb4_unicode_ci,
  `template` varchar(191) COLLATE utf8mb4_unicode_ci DEFAULT NULL,
  `price` varchar(191) COLLATE utf8mb4_unicode_ci DEFAULT '0',
  `sale` int(11) NOT NULL DEFAULT '0',
  `final_price` varchar(191) COLLATE utf8mb4_unicode_ci DEFAULT '0',
  `order` int(11) NOT NULL DEFAULT '1',
  `user_id` int(10) unsigned NOT NULL,
  `category_product_id` int(10) unsigned NOT NULL,
  `created_at` timestamp NULL DEFAULT NULL,
  `updated_at` timestamp NULL DEFAULT NULL,
  PRIMARY KEY (`id`),
  KEY `products_user_id_foreign` (`user_id`),
  KEY `products_category_product_id_foreign` (`category_product_id`)
) ENGINE=InnoDB  DEFAULT CHARSET=utf8mb4 COLLATE=utf8mb4_unicode_ci AUTO_INCREMENT=33 ;

--
-- Dumping data for table `products`
--

INSERT INTO `products` (`id`, `name`, `path`, `isActive`, `image`, `description`, `content`, `seo_title`, `seo_description`, `seo_keywords`, `template`, `price`, `sale`, `final_price`, `order`, `user_id`, `category_product_id`, `created_at`, `updated_at`) VALUES
(1, 'Trọn bộ Máy phun sương Fog Y5, 50 đầu phun', 'tron-bo-may-phun-suong-fog-y5-50-dau-phun', 1, 'images/uploads/images/sanpham/fog_y5.jpg', '<ul>\r\n	<li>\r\n		1 Máy&nbsp;Y5\r\n	</li>\r\n	<li>\r\n		70m Dây\r\n	</li>\r\n	<li>\r\n		50 Bộ Béc Đài Loan\r\n	</li>\r\n	<li>\r\n		1 Bộ Lọc Nước\r\n	</li>\r\n	<li>\r\n		T, Co, Nối 10 Cái\r\n	</li>\r\n	<li>\r\n		Bảo Hành 1 Năm\r\n	</li>\r\n	<li>\r\n		1 Van Khóa Đồng Đài\r\n	</li>\r\n</ul>', '<p>\r\n	Trọn bộ Máy phun sương Fog Y5 là một giải pháp điều hòa không khí , hoạt động dựa trên nguyên tắc bốc hơi nhanh .Nước sạch được nén với áp suất cao qua những vòi được thiết kế đặc biệt , chuyển hóa thành dạng sương phân tử siêu mỏng với kích thước hạt sương nhỏ , khuếch tán vào không khí nóng xung quanh , khiến sương bốc hơi ngay lập tức .Khi bốc hơi nhanh sương hấp thu nhiệt và do đó làm giảm nhiệt độ của môi trường xung quanh từ 5 &ndash; 7oC . Để giảm nhiệt độ trong thời tiết quá nắng nóng như hiện nay nên lắp đặt hệ thống phun sương ở trước hiên nhà , cửa trước khi vào nhà ,hoặc những gia đình có sân vườn thì phun sương là một giải pháp tạo không gian thoáng mát.<br>\r\n	Máy phun sương tạo áp suất cao cho nước để biến thể nước thành sương mù và hơi ẩm hạ nhiệt cho môi trường, lắng bụi, tạo không khí mát mẻ dễ chịu. Độ bền cao, vận hành êm không gấy tiếng ồn .Phun sương phù hợp cho: nhà hàng, quán ăn, nhà máy dệt&hellip;\r\n</p>\r\n\r\n<p>\r\n	Thông số kỹ thuật<br>\r\n	Nhãn hiệu:FOG MAKER<br>\r\n	Model: FOG Y5<br>\r\n	xuất xứ: TAIWAN<br>\r\n	điện áp:220v<br>\r\n	công suất:80W/h<br>\r\n	số béc tối thiểu :40<br>\r\n	số béc tối đa:70<br>\r\n	Trọng lượng:7 Kg<br>\r\n	bảo hành:12 tháng\r\n</p>', 'Trọn bộ Máy phun sương Fog Y5, 50 đầu phun', '<p>\r\n	Trọn bộ Máy phun sương Fog Y5, 50 đầu phun\r\n</p>', 'Máy Phun Sương, may phun suong, fog y5', 'product.index', '10000', 30, '7000', 1, 1, 7, '2018-03-16 03:24:27', '2018-03-20 07:04:56'),
(2, 'Trọn Bộ Máy Phun Sương Fog PS02 (40 Đầu Phun)', 'tron-bo-may-phun-suong-fog-ps02-40-dau-phun', 1, 'images/uploads/images/sanpham/may-phun-suong-Fog-PS-02.jpg', '<p>\r\n	Trọn Bộ Phun Sương Đài Loan Chính Hãng Gồm :\r\n</p>\r\n\r\n<ul>\r\n	<li>\r\n		1 Máy PS 02\r\n	</li>\r\n	<li>\r\n		60m Dây\r\n	</li>\r\n	<li>\r\n		40 Bộ Béc Đài Loan\r\n	</li>\r\n	<li>\r\n		1 Bộ Lọc Nước\r\n	</li>\r\n	<li>\r\n		T, Co, Nối 10 Cái\r\n	</li>\r\n	<li>\r\n		Bảo Hành 1 Năm\r\n	</li>\r\n	<li>\r\n		1 Van Khóa Đồng Đài Loan\r\n	</li>\r\n</ul>', '<p>\r\n	HỆ THỐNG PHUN SƯƠNG, PHUN HƠI NƯỚC, TẠO ẨM &ndash; LÀM MÁT NHÂN TẠO BẰNG BƠM NƯỚC &amp; BÉC PHUN, CÓ QUẠT &amp; KHÔNG QUẠT\r\n</p>\r\n\r\n<p>\r\n	Là một giải pháp tổng thể hữu hiệu nhất, hiện nay cho mọi gia đình, khu văn phòng, khu nhà hàng, khu vui chơi giải trí, bể bơi, &hellip; Không quá tốn điện, không quá tốn nước, tiền đâu tư ban đầu cũng không lớn, lại ngăn được bụi, giảm thiểu tiếng ồn, sạch sẽ mát mẻ, mà còn vui mắt, tạo nhiều cảnh đẹp, vui chơi giải trí. Để thiết lập và lắp đặt hệ thống phun sương cần căn cứ vào nhu cầu thực tế và diện tích mặt bằng phải xử lý.\r\n</p>\r\n\r\n<p>\r\n	NGUYÊN LÝ VÀ CƠ CHẾ LÀM MÁT &ndash; TẠO ẨM của hệ thống phun sương là dựa trên nguyên tắc trao đổi nhiệt và bốc hơi nhanh của các hạt &ldquo;bụi&rdquo; sương có kích thước rất nhỏ, ~ vài chục micro mét, trong quá trình lan tỏa ra môi trường xung quanh. Nhờ đó, nhiệt độ của môi trường có thể giảm xuống 5 &ndash; 10 độ C. Độ ẩm tương đối có thể đạt tới 90 &ndash; 100%.<br>\r\n	NGUYÊN LÝ VÀ CƠ CHẾ LÀM SẠCH KHÔNG KHÍ của hệ thống phun sương là dựa trên nguyên tắc hấp thụ và hấp phụ của các hạt &ldquo;bụi&rdquo; sương với các hạt bụi bẩn lơ lửng và với một số hóa chất độc hại ở dạng khí có trong không khí, trong quá trình lan tỏa ra môi trường xung quanh. Khi tạo ra một lớp &ldquo;bụi&rdquo; sương đủ dày bên ngoài căn phòng, tòa nhà, &hellip;, một không gian yên tĩnh, sạch sẽ, mát lạnh, và vô cùng lãng mạn thơ mộng đã được tạo thành.\r\n</p>\r\n\r\n<p>\r\n	Thông số kỹ thuật\r\n</p>\r\n\r\n<p>\r\n	Nhãn hiệu:FOG MAKER<br>\r\n	Model: FOG PS 02<br>\r\n	Xuất xứ: TAIWAN<br>\r\n	Điện áp:220v<br>\r\n	Công suất:80W/h<br>\r\n	Số béc tối thiểu :20<br>\r\n	Số béc tối đa:50<br>\r\n	Lưu lượng bơm:1.5 L/P<br>\r\n	Trọng lượng:6 Kg<br>\r\n	Bảo hành:12 tháng\r\n</p>', 'Trọn Bộ Máy Phun Sương Fog PS02 (40 Đầu Phun)', '<p>\r\n	Trọn Bộ Máy Phun Sương Fog PS02 (40 Đầu Phun)\r\n</p>', 'Máy Phun Sương, may phun suong, fog ps 02', 'product.index', '0', 0, '0', 1, 1, 7, '2018-03-16 03:24:27', '2018-03-20 06:59:15'),
(4, 'Trọn Bộ Máy Phun Sương Fog PS 05 (15 Đầu Phun)', 'tron-bo-may-phun-suong-fog-ps-05-15-dau-phun', 1, 'images/uploads/images/sanpham/may-phun-suong-Fog-PS-05.jpg', '<p>\r\n	Trọn Bộ Phun Sương Đài Loan 15 Đầu Phun Gồm:( Cam Kết 100% Hàng Đài Loan)\r\n</p>\r\n\r\n<ul>\r\n	<li>\r\n		1 Máy Phun Sương PS 05 Đài Loan Hàng Chính Hãng\r\n	</li>\r\n	<li>\r\n		40m Dây Đài Loan\r\n	</li>\r\n	<li>\r\n		T, Co, Nối Nhựa\r\n	</li>\r\n	<li>\r\n		15 Bộ Béc Đồng Đài Loan\r\n	</li>\r\n	<li>\r\n		1 Bộ Lọc Nước\r\n	</li>\r\n	<li>\r\n		1 Van Khóa Đồng\r\n	</li>\r\n	<li>\r\n		Bảo Hành 1 Năm Sử Dụng\r\n	</li>\r\n	<li>\r\n		1 Đổi 1 Trong Vòng 30 Ngày Nếu Máy Bị Lỗi\r\n	</li>\r\n</ul>', '<p>\r\n	Mày phun sương hay còn gọi là hệ thống phun sương làm mát, giàn phun sương, thiết bị phun sương tạo độ ẩm&hellip;ngày càng trở nên phổ biến bởi tác dụng làm mát, dập bụi mùa hè của nó. Với khả năng tạo độ ẩm, làm mát những khu vực có diện tích rộng lớn như quán bia, nhà hàng, quán cafe, công nghiệp, đường phố, sân bóng, sân thượng&hellip;lại có giá thành rẻ hơn rất nhiều so với điều hòa, tiết kiệm điện&hellip;thì máy, hệ thống phun sương ngày càng được sử dụng rộng rãi.\r\n</p>\r\n\r\n<p>\r\n	Thông số kỹ thuật :\r\n</p>\r\n\r\n<ul>\r\n	<li>\r\n		Nhãn Hiệu:FOG MAKER\r\n	</li>\r\n	<li>\r\n		Model: FOG PS 05 (máy hôp)\r\n	</li>\r\n	<li>\r\n		Xuất Xứ: TAIWAN\r\n	</li>\r\n	<li>\r\n		Điện Áp:220v\r\n	</li>\r\n	<li>\r\n		Lưu Lượng Bơm:1.6 L/P\r\n	</li>\r\n	<li>\r\n		Số Béc Tối Thiểu :5\r\n	</li>\r\n	<li>\r\n		Số Béc Tối Đa:30\r\n	</li>\r\n	<li>\r\n		Trọng Lượng:3,1 Kg\r\n	</li>\r\n	<li>\r\n		Bảo Hành 12 tháng Sử Dụng\r\n	</li>\r\n</ul>', 'Trọn Bộ Máy Phun Sương Fog PS 05 (15 Đầu Phun)', '<p>\r\n	Trọn Bộ Máy Phun Sương Fog PS 05 (15 Đầu Phun)\r\n</p>', 'Máy Phun Sương, may phun suong, fog ps 05', 'product.index', '2100000', 17, '1800000', 1, 1, 7, '2018-03-16 03:24:27', '2018-03-20 06:59:35'),
(5, 'Trọn Bộ Máy Phun Sương Đài Loan Fog Y8 (70 Đầu Phun)', 'tron-bo-may-phun-suong-dai-loan-fog-y8-70-dau-phun', 1, 'images/uploads/images/sanpham/fog_y8.jpg', '<p>\r\n	aa\r\n</p>', '<p>\r\n	FOG Y8 là dòng máy cao cấp ,dùng áp lớn chuyên dùng trong các nhà xưởng nhà hàng công trình có diện tích rộng. FOG Y8 là một lưạ chọn tối ưu.\r\n</p>\r\n\r\n<p>\r\n	<u>Thông số kỹ thuật</u>\r\n</p>\r\n\r\n<ul>\r\n	<li>\r\n		Nhãn hiệu:FOG MAKER\r\n	</li>\r\n	<li>\r\n		Model: FOG Y8\r\n	</li>\r\n	<li>\r\n		xuất xứ: TAIWAN\r\n	</li>\r\n	<li>\r\n		điện áp:220v\r\n	</li>\r\n	<li>\r\n		công suất:200W/h\r\n	</li>\r\n	<li>\r\n		số béc tối thiểu :40\r\n	</li>\r\n	<li>\r\n		số béc tối đa:70\r\n	</li>\r\n	<li>\r\n		Trọng lượng:9 Kg\r\n	</li>\r\n	<li>\r\n		bảo hành:12 tháng\r\n	</li>\r\n</ul>', 'Trọn Bộ Máy Phun Sương Đài Loan Fog Y8 (70 Đầu Phun)', '<p>\r\n	Trọn Bộ Máy Phun Sương Đài Loan Fog Y8 (70 Đầu Phun)\r\n</p>', 'Máy Phun Sương, may phun suong, fog y8', 'product.index', '0', 0, '0', 1, 1, 7, '2018-03-16 03:24:27', '2018-03-20 06:29:24'),
(6, 'Trọn Bộ Máy Phun Sương Đài Loan Fog 2807 (30 Đầu Phun)', 'tron-bo-may-phun-suong-dai-loan-fog-2807-30-dau-phun', 1, 'images/uploads/images/sanpham/may-phun-suong-2807.jpg', '<p>\r\n	aa\r\n</p>', '<p>\r\n	Máy phun sương FOG 2807 là một giải pháp điều hòa không khí , hoạt động dựa trên nguyên tắc bốc hơi nhanh .Nước sạch được nén với áp suất cao qua những vòi được thiết kế đặc biệt , chuyển hóa thành dạng sương phân tử siêu mỏng với kích thước hạt sương nhỏ , khuếch tán vào không khí nóng xung quanh , khiến sương bốc hơi ngay lập tức .Khi bốc hơi nhanh sương hấp thu nhiệt và do đó làm giảm nhiệt độ của môi trường xung quanh từ 5 &ndash; 7oC .\r\n</p>\r\n\r\n<p>\r\n	Để giảm nhiệt độ trong thời tiết quá nắng nóng như hiện nay nên lắp đặt hệ thống phun sương ở trước hiên nhà , cửa trước khi vào nhà ,hoặc những gia đình có sân vườn thì phun sương là một giải pháp tạo không gian thoáng mát.\r\n</p>\r\n\r\n<p>\r\n	<u><strong>Thông số kỹ thuật</strong></u>\r\n</p>\r\n\r\n<ul>\r\n	<li>\r\n		Nhãn hiệu:FOG MAKER\r\n	</li>\r\n	<li>\r\n		Model: FOG 2807\r\n	</li>\r\n	<li>\r\n		xuất xứ: TAIWAN\r\n	</li>\r\n	<li>\r\n		điện áp:220v\r\n	</li>\r\n	<li>\r\n		công suất:80W/h\r\n	</li>\r\n	<li>\r\n		số béc tối thiểu :15\r\n	</li>\r\n	<li>\r\n		số béc tối đa:25\r\n	</li>\r\n	<li>\r\n		Thông số: 270x220x170\r\n	</li>\r\n	<li>\r\n		Trọng lượng:5 Kg\r\n	</li>\r\n</ul>\r\n\r\n<p>\r\n	Bảo hành:12 tháng\r\n</p>', 'Trọn Bộ Máy Phun Sương Đài Loan Fog 2807 (30 Đầu Phun)', '<p>\r\n	Trọn Bộ Máy Phun Sương Đài Loan Fog 2807 (30 Đầu Phun)\r\n</p>', 'Máy Phun Sương, may phun suong, fog 2807', 'product.index', '0', 0, '0', 1, 1, 7, '2018-03-16 03:24:27', '2018-03-20 06:28:09'),
(7, 'Trọn Bộ Máy Phun Sương Đài Loan (20 Đầu Phun)', 'tron-bo-may-phun-suong-dai-loan-20-dau-phun', 1, 'images/uploads/images/sanpham/may-phun-suong.png', '<p>\r\n	Trọn Bộ Phun Sương 20 Đầu Phun Đài Loan Gồm:\r\n</p>\r\n\r\n<ul>\r\n	<li>\r\n		1 Máy Bơm Trơn&nbsp;HT 8399\r\n	</li>\r\n	<li>\r\n		40m Dây Phun Sương\r\n	</li>\r\n	<li>\r\n		20 Bộ Béc Đồng Đài Loan\r\n	</li>\r\n	<li>\r\n		1 Bộ Lọc Nước\r\n	</li>\r\n	<li>\r\n		T, Co, Nối Nhựa\r\n	</li>\r\n	<li>\r\n		1 Van Khóa Đồng\r\n	</li>\r\n	<li>\r\n		Bảo Hành 1 Năm\r\n	</li>\r\n	<li>\r\n		1 Đổi 1 Trong Vòng 30 Ngày Nếu Sản Phẩm Bị Lỗi Kĩ Thuật Do Nhà Sản Xuất\r\n	</li>\r\n</ul>', '<p>\r\n	Trọn bộ Máy phun sương HP 2500&nbsp;là dòng máy phun sương cao cấp ,dùng áp lớn chuyên dùng trong các nhà xưởng nhà hàng công trình có diện tích rộng. Máy phun sương HP 2500 là một lưạ chọn tối ưu.&nbsp;<strong>Máy phun sương HP 2500</strong>&nbsp;dùng trong các hệ thống phun sương làm mát, tưới lan, làm mát nhà xưởng, làm mát quán cà phê, làm mát nhà hàng, vườn ươm, làm mát nhà yến,&hellip;.<strong>Máy phun sương HP</strong>&nbsp;2500 với khả năng phun sương được từ 4-30 đầu phun sẽ được dùng để phun sương cho các quán café, quán bia có diện tích vài chục mét.\r\n</p>\r\n\r\n<p style="text-align: center;">\r\n	<img alt="" src="http://localhost:8080/mayphunsuong/images/uploads/images/sanpham/may-phun-suong.png" style="width: 50%; height: 50%;">\r\n</p>\r\n\r\n<p>\r\n	Thông số kỹ thuật&nbsp;<strong>Máy phun sương HP 2500</strong>\r\n</p>\r\n\r\n<p>\r\n	&ndash; Nhãn hiệu: HAWIN<br>\r\n	&ndash; Model: HP-2500<br>\r\n	&ndash; Xuất xứ: đài loan<br>\r\n	&ndash; Điện áp sử dụng:24v<br>\r\n	&ndash; Lưu lượng bơm:1,2 L/P<br>\r\n	&ndash; Phun sương:5-30 béc<br>\r\n	&ndash; Áp lực nước:150 PSI<br>\r\n	&ndash; Bảo hành:12 tháng<br>\r\n	&ndash; Trọng lượng:1,8 Kg\r\n</p>\r\n\r\n<p>\r\n	Ứng dụng&nbsp;Máy phun sương HP&nbsp;2500<br>\r\n	&ndash; Ống phun sương làm mát chuyên dụng làm hệ thống phun sương làm mát quán cà phê.<br>\r\n	&ndash; Phun thuốc trừ sâu.<br>\r\n	&ndash; Phun sương làm mát nhà yến.<br>\r\n	&ndash; Phun sương làm mát chuồng trại.<br>\r\n	&ndash; Làm mát nhà hàng.<br>\r\n	&ndash; Phun sương làm giãm khói bụi.<br>\r\n	&ndash; Phun sương làm mát nhà xưỡng.<br>\r\n	&ndash; Ống phun sương có thể dùng làm ống dẫn nước, dùng làm ống phun xịt rửa xe và nhu cầu khác &hellip;\r\n</p>', 'Trọn Bộ Máy Phun Sương Đài Loan (20 Đầu Phun)', '<p>\r\n	Trọn Bộ Máy Phun Sương Đài Loan (20 Đầu Phun)\r\n</p>', 'máy phun sương, may phun suong, Máy phun sương HP 2500', 'product.index', '1900000', 3, '1850000', 1, 1, 7, '2018-03-16 03:24:27', '2018-03-20 06:14:21'),
(8, 'Trọn Bộ Máy Phun Sương Đài Loan (30 Đầu Phun)', 'tron-bo-may-phun-suong-dai-loan-30-dau-phun', 1, 'images/uploads/images/sanpham/may-phun-suong.png', '<p>\r\n	Trọn Bộ Phun Sương 30 Đầu Phun Đài Loan Gồm\r\n</p>\r\n\r\n<ul>\r\n	<li>\r\n		1 Máy Phun Sương HT 8399\r\n	</li>\r\n	<li>\r\n		40m Dây Phun Sương\r\n	</li>\r\n	<li>\r\n		30 Bộ Béc Đồng Đài Loan\r\n	</li>\r\n	<li>\r\n		1 Bộ Lọc Nước\r\n	</li>\r\n	<li>\r\n		T, Co, Nối Nhựa\r\n	</li>\r\n	<li>\r\n		1 Van Khóa Đồng\r\n	</li>\r\n	<li>\r\n		Bảo Hành 1 Năm\r\n	</li>\r\n	<li>\r\n		1 Đổi 1 Trong Vòng 30 Ngày Nếu Sản Phẩm Bị Lỗi Kĩ Thuật Do Nhà Sản Xuất\r\n	</li>\r\n</ul>', '<p>\r\n	Trọn bộ Máy phun sương HP 2500&nbsp;là dòng máy phun sương cao cấp ,dùng áp lớn chuyên dùng trong các nhà xưởng nhà hàng công trình có diện tích rộng. Máy phun sương HP 2500 là một lưạ chọn tối ưu.&nbsp;<strong>Máy phun sương HP 2500</strong>&nbsp;dùng trong các hệ thống phun sương làm mát, tưới lan, làm mát nhà xưởng, làm mát quán cà phê, làm mát nhà hàng, vườn ươm, làm mát nhà yến,&hellip;.<strong>Máy phun sương HP</strong>&nbsp;2500 với khả năng phun sương được từ 4-30 đầu phun sẽ được dùng để phun sương cho các quán café, quán bia có diện tích vài chục mét.\r\n</p>\r\n\r\n<p style="text-align: center;">\r\n	<img alt="" src="http://localhost:8080/mayphunsuong/images/uploads/images/sanpham/may-phun-suong.png" style="width: 50%; height: 50%;">\r\n</p>\r\n\r\n<p>\r\n	Thông số kỹ thuật&nbsp;<strong>Máy phun sương HP 2500</strong>\r\n</p>\r\n\r\n<p>\r\n	&ndash; Nhãn hiệu: HAWIN<br>\r\n	&ndash; Model: HP-2500<br>\r\n	&ndash; Xuất xứ: đài loan<br>\r\n	&ndash; Điện áp sử dụng:24v<br>\r\n	&ndash; Lưu lượng bơm:1,2 L/P<br>\r\n	&ndash; Phun sương:5-30 béc<br>\r\n	&ndash; Áp lực nước:150 PSI<br>\r\n	&ndash; Bảo hành:12 tháng<br>\r\n	&ndash; Trọng lượng:1,8 Kg\r\n</p>\r\n\r\n<p>\r\n	Ứng dụng&nbsp;Máy phun sương HP&nbsp;2500<br>\r\n	&ndash; Ống phun sương làm mát chuyên dụng làm hệ thống phun sương làm mát quán cà phê.<br>\r\n	&ndash; Phun thuốc trừ sâu.<br>\r\n	&ndash; Phun sương làm mát nhà yến.<br>\r\n	&ndash; Phun sương làm mát chuồng trại.<br>\r\n	&ndash; Làm mát nhà hàng.<br>\r\n	&ndash; Phun sương làm giãm khói bụi.<br>\r\n	&ndash; Phun sương làm mát nhà xưỡng.<br>\r\n	&ndash; Ống phun sương có thể dùng làm ống dẫn nước, dùng làm ống phun xịt rửa xe và nhu cầu khác &hellip;\r\n</p>', 'Trọn Bộ Máy Phun Sương Đài Loan (30 Đầu Phun)', '<p>\r\n	Trọn Bộ Máy Phun Sương Đài Loan (30 Đầu Phun)\r\n</p>', 'máy phun sương, may phun suong, Máy phun sương HP 2500', 'product.index', '0', 0, '0', 1, 1, 7, '2018-03-16 03:24:27', '2018-03-20 06:14:13'),
(9, 'Trọn Bộ Máy Phun Sương Đài Loan (10 Đầu Phun)', 'tron-bo-may-phun-suong-dai-loan-10-dau-phun', 1, 'images/uploads/images/sanpham/may-phun-suong.png', '<p>\r\n	Trọn Bộ Phun Sương 10 Đầu Phun Đài Loan Gồm:\r\n</p>\r\n\r\n<ul>\r\n	<li>\r\n		1 Máy Phun Sương Hp 2500\r\n	</li>\r\n	<li>\r\n		20m Dây Phun Sương\r\n	</li>\r\n	<li>\r\n		10 Bộ Béc Đồng Đài Loan\r\n	</li>\r\n	<li>\r\n		1 Bộ Lọc Nước\r\n	</li>\r\n	<li>\r\n		T, Co, Nối Nhựa\r\n	</li>\r\n	<li>\r\n		Bảo Hành 1 Năm\r\n	</li>\r\n	<li>\r\n		1 Đổi 1 Trong Vòng 30 Ngày Nếu Sản Phẩm Bị Lỗi Kĩ Thuật Do Nhà Sản Xuất\r\n	</li>\r\n</ul>', '<p>\r\n	Trọn bộ Máy phun sương HP 2500&nbsp;là dòng máy phun sương cao cấp ,dùng áp lớn chuyên dùng trong các nhà xưởng nhà hàng công trình có diện tích rộng. Máy phun sương HP 2500 là một lưạ chọn tối ưu.&nbsp;<strong>Máy phun sương HP 2500</strong>&nbsp;dùng trong các hệ thống phun sương làm mát, tưới lan, làm mát nhà xưởng, làm mát quán cà phê, làm mát nhà hàng, vườn ươm, làm mát nhà yến,&hellip;.<strong>Máy phun sương HP</strong>&nbsp;2500 với khả năng phun sương được từ 4-10 đầu phun sẽ được dùng để phun sương cho các quán café, quán bia có diện tích vài chục mét.\r\n</p>\r\n\r\n<p style="text-align: center;">\r\n	<img alt="" src="http://localhost:8080/mayphunsuong/images/uploads/images/sanpham/may-phun-suong.png" style="width: 50%; height: 50%;">\r\n</p>\r\n\r\n<p>\r\n	Thông số kỹ thuật&nbsp;<strong>Máy phun sương HP 2500</strong>\r\n</p>\r\n\r\n<p>\r\n	&ndash; Nhãn hiệu: HAWIN<br>\r\n	&ndash; Model: HP-2500<br>\r\n	&ndash; Xuất xứ: đài loan<br>\r\n	&ndash; Điện áp sử dụng:24v<br>\r\n	&ndash; Lưu lượng bơm:1,2 L/P<br>\r\n	&ndash; Phun sương:5-30 béc<br>\r\n	&ndash; Áp lực nước:150 PSI<br>\r\n	&ndash; Bảo hành:12 tháng<br>\r\n	&ndash; Trọng lượng:1,8 Kg\r\n</p>\r\n\r\n<p>\r\n	Ứng dụng&nbsp;Máy phun sương HP&nbsp;2500<br>\r\n	&ndash; Ống phun sương làm mát chuyên dụng làm hệ thống phun sương làm mát quán cà phê.<br>\r\n	&ndash; Phun thuốc trừ sâu.<br>\r\n	&ndash; Phun sương làm mát nhà yến.<br>\r\n	&ndash; Phun sương làm mát chuồng trại.<br>\r\n	&ndash; Làm mát nhà hàng.<br>\r\n	&ndash; Phun sương làm giãm khói bụi.<br>\r\n	&ndash; Phun sương làm mát nhà xưỡng.<br>\r\n	&ndash; Ống phun sương có thể dùng làm ống dẫn nước, dùng làm ống phun xịt rửa xe và nhu cầu khác &hellip;\r\n</p>', 'Trọn Bộ Máy Phun Sương Đài Loan (10 Đầu Phun)', '<p>\r\n	Trọn Bộ Máy Phun Sương Đài Loan (10 Đầu Phun)\r\n</p>', 'máy phun sương, may phun suong, Máy phun sương HP 2500', 'product.index', '1450000', 20, '1200000', 1, 1, 7, '2018-03-16 03:24:27', '2018-03-20 06:14:00'),
(10, 'Trọn Bộ Máy Phun Sương Đài Loan (5 Đầu Phun)', 'tron-bo-may-phun-suong-dai-loan-5-dau-phun', 1, 'images/uploads/images/sanpham/may-phun-suong.png', '<p>\r\n	Trọn Bộ Phun Sương 5 Đầu Phun Đài Loan Gồm:\r\n</p>\r\n\r\n<ul>\r\n	<li>\r\n		1 Máy Phun Sương Hp&nbsp;2500\r\n	</li>\r\n	<li>\r\n		20m Dây Phun Sương\r\n	</li>\r\n	<li>\r\n		5 Bộ Béc Đồng Đài Loan\r\n	</li>\r\n	<li>\r\n		1 Bộ Lọc Nước\r\n	</li>\r\n	<li>\r\n		T, Co, Nối Nhựa\r\n	</li>\r\n	<li>\r\n		Bảo Hành 1 Năm\r\n	</li>\r\n	<li>\r\n		1 Đổi 1 Trong Vòng 30 Ngày Nếu Sản Phẩm Bị Lỗi Kĩ Thuật Do Nhà Sản Xuất\r\n	</li>\r\n</ul>', '<p>\r\n	Trọn bộ Máy phun sương HP 2500&nbsp;là dòng máy phun sương cao cấp ,dùng áp lớn chuyên dùng trong các nhà xưởng nhà hàng công trình có diện tích rộng. Máy phun sương HP 2500 là một lưạ chọn tối ưu.&nbsp;<strong>Máy phun sương HP 2500</strong>&nbsp;dùng trong các hệ thống phun sương làm mát, tưới lan, làm mát nhà xưởng, làm mát quán cà phê, làm mát nhà hàng, vườn ươm, làm mát nhà yến,&hellip;.<strong>Máy phun sương HP</strong>&nbsp;2500 với khả năng phun sương được từ 4-10 đầu phun sẽ được dùng để phun sương cho các quán café, quán bia có diện tích vài chục mét.\r\n</p>\r\n\r\n<p style="text-align: center;">\r\n	<img alt="" src="http://localhost:8080/mayphunsuong/images/uploads/images/sanpham/may-phun-suong.png" style="width: 50%; height: 50%;">\r\n</p>\r\n\r\n<p>\r\n	Chuyên dùng lọc nước RO và phun sương làm mát, tưới cây, phun hóa chất&hellip;\r\n</p>\r\n\r\n<p>\r\n	Thông số kỹ thuật\r\n</p>\r\n\r\n<p>\r\n	Nhãn hiệu: HAWIN<br>\r\n	Model: HP-2500<br>\r\n	Xuất xứ: đài loan<br>\r\n	Điện áp sử dụng:24v<br>\r\n	Lưu lượng bơm:1,2 L/P<br>\r\n	Phun sương:5-15 béc<br>\r\n	Áp lực nước:150 PSI<br>\r\n	Bảo hành:12 tháng<br>\r\n	Trọng lượng:1,6 Kg\r\n</p>', 'Trọn Bộ Máy Phun Sương Đài Loan (5 Đầu Phun)', '<p>\r\n	Trọn Bộ Máy Phun Sương Đài Loan (5 Đầu Phun)\r\n</p>', 'máy phun sương, may phun suong, Máy phun sương HP 2500', 'product.index', '1200000', 20, '1000000', 1, 1, 7, '2018-03-16 03:24:27', '2018-03-20 06:13:50'),
(11, 'Bơm DY KJ-2000', 'bom-dy-kj-2000', 1, 'images/uploads/images/sanpham/bom-dy-kj-2000.jpg', NULL, '<h2>\r\n	Hệ thống phun sương sử dụng&nbsp;Bơm DY KJ-2000&nbsp;phun sương\r\n</h2>\r\n\r\n<p>\r\n	&ndash; Là một giải pháp tổng thể hữu hiệu nhất, hiện nay cho mọi gia đình, khu văn phòng, khu nhà hàng, khu vui chơi giải trí, bể bơi, &hellip; Không quá tốn điện, không quá tốn nước, tiền đâu tư ban đầu cũng không lớn, lại ngăn được bụi, giảm thiểu tiếng ồn, sạch sẽ mát mẻ, mà còn vui mắt, tạo nhiều cảnh đẹp, vui chơi giải trí. Để thiết lập và lắp đặt hệ thống phun sương cần căn cứ vào nhu cầu thực tế và diện tích mặt bằng phải xử lý.\r\n</p>\r\n\r\n<p style="text-align: center;">\r\n	<img alt="" src="http://localhost:8080/mayphunsuong/images/uploads/images/sanpham/bom-dy-kj-2000.jpg" style="width: 50%; height: 50%;">\r\n</p>\r\n\r\n<h3>\r\n	Thông số kỹ thuật&nbsp;Bơm DY KJ-2000 phun sương:\r\n</h3>\r\n\r\n<p>\r\n	&ndash; Nhãn Hiệu:&nbsp;DENG YUAN (DY)<br>\r\n	&ndash; Xuất xứ:&nbsp;TAIWAN<br>\r\n	&ndash; Model: KJ-2000<br>\r\n	&ndash; Tình trạng: Hàng mới 100%<br>\r\n	&ndash; Điện áp sử dụng:&nbsp;32 V<br>\r\n	&ndash; Lưu lượng bơm: 4&nbsp;L/P<br>\r\n	&ndash; Phun sương: 50-70 béc<br>\r\n	&ndash; Áp lực nước: 150&nbsp;PSI (10.5&nbsp;BAR)<br>\r\n	&ndash; Công suất bơm:&nbsp;65&nbsp;W<br>\r\n	&ndash; Bảo hành: 12 tháng<br>\r\n	&ndash; Trọng lượng: 2,3&nbsp;Kg\r\n</p>\r\n\r\n<h3>\r\n	Nguyên lý làm mát tạo ẩm của Bơm DY KJ-2000 phun sương\r\n</h3>\r\n\r\n<p>\r\n	&ndash; Dựa trên nguyên tắc trao đổi nhiệt và bốc hơi nhanh của các hạt &ldquo;bụi&rdquo; sương có kích thước rất nhỏ, ~ vài chục micro mét, trong quá trình lan tỏa ra môi trường xung quanh. Nhờ đó, nhiệt độ của môi trường có thể giảm xuống 5 &ndash; 10 độ C. Độ ẩm tương đối có thể đạt tới 90 &ndash; 100%.\r\n</p>\r\n\r\n<h3>\r\n	Nguyên lý làm sạch không khí của Bơm DY KJ-2000 phun sương\r\n</h3>\r\n\r\n<p>\r\n	&ndash; Dựa trên nguyên tắc hấp thụ và hấp phụ của các hạt &ldquo;bụi&rdquo; sương với các hạt bụi bẩn lơ lửng và với một số hóa chất độc hại ở dạng khí có trong không khí, trong quá trình lan tỏa ra môi trường xung quanh. Khi tạo ra một lớp &ldquo;bụi&rdquo; sương đủ dày bên ngoài căn phòng, tòa nhà, &hellip;, một không gian yên tĩnh, sạch sẽ, mát lạnh, và vô cùng lãng mạn thơ mộng đã được tạo thành.\r\n</p>', 'Bơm DY KJ-2000', '<p>\r\n	Bơm DY KJ-2000\r\n</p>', 'Bơm DY KJ-2000, máy phun sương, may phun suong', 'product.index', '1550000', 0, '0', 1, 1, 1, '2018-03-16 03:24:27', '2018-03-20 08:59:52'),
(12, 'MÁY PHUN SƯƠNG AP 50', 'may-phun-suong-ap-50', 1, 'images/uploads/images/sanpham/maybom-4219.jpg', NULL, '<p>\r\n	Máy phun sương AP50&nbsp;dùng trong các hệ thống phun sương làm mát, tưới lan, làm mát nhà xưởng, làm mát quán cà phê, làm mát nhà hàng, vườn ươm, làm mát nhà yến,&hellip;.Máy phun sương AP50 với khả năng phun sương được từ 4-10 đầu phun sẽ được dùng để phun sương cho các quán café, quán bia có diện tích vài chục mét.\r\n</p>\r\n\r\n<p>\r\n	Thông số kỹ thuật&nbsp;<strong>Máy phun sương AP50</strong>\r\n</p>\r\n\r\n<p style="text-align: center;">\r\n	<img alt="" src="http://localhost:8080/mayphunsuong/images/uploads/images/sanpham/maybom-4219.jpg" style="width: 500px; height: 500px;">\r\n</p>\r\n\r\n<h3>\r\n	Ứng dụng&nbsp;<strong>Máy phun sương</strong>&nbsp;AP50<br>\r\n	&ndash; Ống phun sương làm mát chuyên dụng làm hệ thống phun sương làm mát quán cà phê.<br>\r\n	&ndash; Phun thuốc trừ sâu.<br>\r\n	&ndash; Phun sương làm mát nhà yến.<br>\r\n	&ndash; Phun sương làm mát chuồng trại.<br>\r\n	&ndash; Làm mát nhà hàng.<br>\r\n	&ndash; Phun sương làm giãm khói bụi.<br>\r\n	&ndash; Phun sương làm mát nhà xưỡng.<br>\r\n	&ndash; Ống phun sương có thể dùng làm ống dẫn nước, dùng làm ống phun xịt rửa xe và nhu cầu khác &hellip;\r\n</h3>', 'MÁY PHUN SƯƠNG AP 50', '<p>\r\n	MÁY PHUN SƯƠNG AP 50\r\n</p>', 'MÁY PHUN SƯƠNG AP 50, máy phun sương, may phun suong', 'product.index', '600000', 0, '0', 1, 1, 1, '2018-03-16 03:24:27', '2018-03-20 09:00:04'),
(13, 'MÁY PHUN SƯƠNG HT-8399', 'may-phun-suong-ht-8399', 1, 'images/uploads/images/sanpham/may-phun-suong-8367.jpg', NULL, '<p>\r\n	Máy phun sương hf-8367&nbsp;dùng trong các hệ thống phun sương làm mát, tưới lan, làm mát nhà xưởng, làm mát quán cà phê, làm mát nhà hàng, vườn&nbsp;ươm, làm mát nhà yến,&hellip;.Máy phun sương HF-8367 với khả năng phun sương được từ 4-10 đầu phun sẽ được dùng để phun sương cho các quán café, quán bia có diện tích vài chục mét.\r\n</p>\r\n\r\n<p>\r\n	Thông số kỹ thuật&nbsp;<strong>Máy phun sương 8367</strong>\r\n</p>\r\n\r\n<p style="text-align: center;">\r\n	<img alt="" src="http://phunsuongcongnghe.com/images/uploads/images/sanpham/may-phun-suong-8367.jpg" style="width: 600px; height: 600px;">\r\n</p>\r\n\r\n<h3>\r\n	Ứng dụng&nbsp;<strong>Máy phun sương</strong>&nbsp;8367<br>\r\n	&ndash; Ống phun sương làm mát chuyên dụng làm hệ thống phun sương làm mát quán cà phê.<br>\r\n	&ndash; Phun thuốc trừ sâu.<br>\r\n	&ndash; Phun sương làm mát nhà yến.<br>\r\n	&ndash; Phun sương làm mát chuồng trại.<br>\r\n	&ndash; Làm mát nhà hàng.<br>\r\n	&ndash; Phun sương làm giãm khói bụi.<br>\r\n	&ndash; Phun sương làm mát nhà xưỡng.<br>\r\n	&ndash; Ống phun sương có thể dùng làm&nbsp;ống dẫn nước, dùng làm&nbsp;ống phun xịt rửa xe và nhu cầu khác &hellip;\r\n</h3>', 'MÁY PHUN SƯƠNG HT-8399', '<p>\r\n	MÁY PHUN SƯƠNG HT-8399\r\n</p>', 'MÁY PHUN SƯƠNG HT-8399, máy phun sương, may phun suong', 'product.index', '700000', 0, '0', 1, 1, 1, '2018-03-16 03:24:27', '2018-03-20 09:00:11'),
(14, 'Máy Phun Sương Fog Y5( 40-70 Đầu Phun )', 'may-phun-suong-fog-y5-40-70-dau-phun-', 1, 'images/uploads/images/sanpham/Y5.jpg', NULL, '<p>\r\n	Máy phun sương Fog Y5&nbsp;dùng trong các hệ thống phun sương làm mát, tưới lan, làm mát nhà xưởng, làm mát quán cà phê, làm mát nhà hàng, vườn ươm, làm mát nhà yến,&hellip;.Máy phun sương Fog Y5 với khả năng phun sương được từ 4-10 đầu phun sẽ được dùng để phun sương cho các quán café, quán bia có diện tích vài chục mét.\r\n</p>\r\n\r\n<p>\r\n	Thông số kỹ thuật&nbsp;<strong>Máy phun sương Fog Y5</strong>\r\n</p>\r\n\r\n<p style="text-align: center;">\r\n	<img alt="" src="http://phunsuongcongnghe.com/images/uploads/images/sanpham/Y5.jpg" style="width: 206px; height: 238px;">\r\n</p>\r\n\r\n<p>\r\n	<u><strong>Thông số kỹ thuật</strong></u>\r\n</p>\r\n\r\n<ul>\r\n	<li>\r\n		Nhãn hiệu:FOG MAKER\r\n	</li>\r\n	<li>\r\n		Model: FOG Y5\r\n	</li>\r\n	<li>\r\n		xuất xứ: TAIWAN\r\n	</li>\r\n	<li>\r\n		điện áp:220v\r\n	</li>\r\n	<li>\r\n		công suất:80W/h\r\n	</li>\r\n	<li>\r\n		số béc tối thiểu :40\r\n	</li>\r\n	<li>\r\n		số béc tối đa:70\r\n	</li>\r\n	<li>\r\n		Trọng lượng:7 Kg\r\n	</li>\r\n	<li>\r\n		bảo hành:12 tháng\r\n	</li>\r\n</ul>\r\n\r\n<p>\r\n	Ứng dụng&nbsp;<strong>Máy phun sương</strong>&nbsp;Fog Y5<br>\r\n	&ndash; Ống phun sương làm mát chuyên dụng làm hệ thống phun sương làm mát quán cà phê.<br>\r\n	&ndash; Phun thuốc trừ sâu.<br>\r\n	&ndash; Phun sương làm mát nhà yến.<br>\r\n	&ndash; Phun sương làm mát chuồng trại.<br>\r\n	&ndash; Làm mát nhà hàng.<br>\r\n	&ndash; Phun sương làm giãm khói bụi.<br>\r\n	&ndash; Phun sương làm mát nhà xưỡng.<br>\r\n	&ndash; Ống phun sương có thể dùng làm ống dẫn nước, dùng làm ống phun xịt rửa xe và nhu cầu khác &hellip;\r\n</p>', 'Máy Phun Sương Fog Y5', '<p>\r\n	Máy Phun Sương Fog Y5\r\n</p>', 'Máy Phun Sương Fog Y5, máy phun sương, may phun suong', 'product.index', '2300000', 9, '2100000', 1, 1, 1, '2018-03-16 03:24:27', '2018-03-20 09:04:04'),
(15, 'Máy Phun Sương Fog Y8 ( 50-100 Đầu Phun )', 'may-phun-suong-fog-y8-50-100-dau-phun-', 1, 'images/uploads/images/sanpham/Y8.jpg', '<p>\r\n	Thông số kỹ thuật\r\n</p>\r\n\r\n<p>\r\n	&ndash; Nhãn hiệu:FOG MAKER<br>\r\n	&ndash; Model: FOG Y8<br>\r\n	&ndash; xuất xứ: TAIWAN<br>\r\n	&ndash; điện áp:220v<br>\r\n	&ndash; công suất:200W/h<br>\r\n	&ndash; số béc tối thiểu :50<br>\r\n	&ndash; số béc tối đa:100<br>\r\n	&ndash; Trọng lượng:9 Kg<br>\r\n	&ndash; Bảo hành:12 tháng\r\n</p>', '<p>\r\n	Máy phun sương Fog Y8&nbsp;là dòng máy phun sương cao cấp ,dùng áp lớn chuyên dùng trong các nhà xưởng nhà hàng công trình có diện tích rộng. Máy phun sương FOG Y8 là một lưạ chọn tối ưu.Máy phun sương Fog Y8 dùng trong các hệ thống phun sương làm mát, tưới lan, làm mát nhà xưởng, làm mát quán cà phê, làm mát nhà hàng, vườn ươm, làm mát nhà yến,&hellip;.Máy phun sương Fog Y8 với khả năng phun sương được từ 50-100 đầu phun sẽ được dùng để phun sương cho các quán café, quán bia có diện tích vài chục mét.\r\n</p>\r\n\r\n<p>\r\n	Thông số kỹ thuật&nbsp;<strong>Máy phun sương Fog Y8</strong>\r\n</p>\r\n\r\n<p style="text-align: center;">\r\n	<img alt="" src="http://phunsuongcongnghe.com/images/uploads/images/sanpham/Y8.jpg" style="width: 920px; height: 566px;">\r\n</p>\r\n\r\n<p>\r\n	<u><strong>Thông số kỹ thuật</strong></u>\r\n</p>\r\n\r\n<p>\r\n	Thông số kỹ thuật\r\n</p>\r\n\r\n<p>\r\n	&ndash; Nhãn hiệu:FOG MAKER<br>\r\n	&ndash; Model: FOG Y8<br>\r\n	&ndash; xuất xứ: TAIWAN<br>\r\n	&ndash; điện áp:220v<br>\r\n	&ndash; công suất:200W/h<br>\r\n	&ndash; số béc tối thiểu :50<br>\r\n	&ndash; số béc tối đa:100<br>\r\n	&ndash; Trọng lượng:9 Kg<br>\r\n	&ndash; Bảo hành:12 tháng\r\n</p>\r\n\r\n<p>\r\n	Ứng dụng&nbsp;<strong>Máy phun sương</strong>&nbsp;Fog Y8<br>\r\n	&ndash; Ống phun sương làm mát chuyên dụng làm hệ thống phun sương làm mát quán cà phê.<br>\r\n	&ndash; Phun thuốc trừ sâu.<br>\r\n	&ndash; Phun sương làm mát nhà yến.<br>\r\n	&ndash; Phun sương làm mát chuồng trại.<br>\r\n	&ndash; Làm mát nhà hàng.<br>\r\n	&ndash; Phun sương làm giãm khói bụi.<br>\r\n	&ndash; Phun sương làm mát nhà xưỡng.<br>\r\n	&ndash; Ống phun sương có thể dùng làm ống dẫn nước, dùng làm ống phun xịt rửa xe và nhu cầu khác &hellip;\r\n</p>', 'Máy Phun Sương Fog Y8 ( 50-100 Đầu Phun )', '<p>\r\n	Máy Phun Sương Fog Y8 ( 50-100 Đầu Phun )\r\n</p>', 'Máy Phun Sương Fog Y8, máy phun sương, may phun suong', 'product.index', '2500000', 8, '2300000', 1, 1, 1, '2018-03-16 03:24:27', '2018-03-20 09:06:34'),
(16, 'Máy Phun Sương Fog PS 05 (5-30 Đầu Phun)', 'may-phun-suong-fog-ps-05-5-30-dau-phun', 1, 'images/uploads/images/sanpham/PS05.jpg', '<p>\r\n	<u><strong>Thông số kỹ thuật</strong></u>\r\n</p>\r\n\r\n<ul>\r\n	<li>\r\n		Nhãn hiệu:FOG MAKER PS 05\r\n	</li>\r\n	<li>\r\n		Model: FOG PS (máy hôp)\r\n	</li>\r\n	<li>\r\n		xuất xứ: TAIWAN\r\n	</li>\r\n	<li>\r\n		điện áp:220v\r\n	</li>\r\n	<li>\r\n		Lưu lượng bơm:1.6 L/P\r\n	</li>\r\n	<li>\r\n		số béc tối thiểu :5\r\n	</li>\r\n	<li>\r\n		số béc tối đa:30\r\n	</li>\r\n	<li>\r\n		Trọng lượng:3,1 Kg\r\n	</li>\r\n	<li>\r\n		bảo hành:12 tháng\r\n	</li>\r\n</ul>', '<p>\r\n	<a href="http://phunsuongkhanhxuan.com/sp/may-phun-suong-fog-ps-05-gia-re/">Máy phun sương Fog PS 05</a>&nbsp;dùng trong các hệ thống phun sương làm mát, tưới lan, làm mát nhà xưởng, làm mát quán cà phê, làm mát nhà hàng, vườn ươm, làm mát nhà yến,&hellip;.Máy phun sương Fog PS 05 với khả năng phun sương được từ 4-30 đầu phun sẽ được dùng để phun sương cho các quán café, quán bia có diện tích vài chục mét.\r\n</p>\r\n\r\n<p>\r\n	Thông số kỹ thuật&nbsp;<strong>Máy phun sương Fog PS 05</strong>\r\n</p>\r\n\r\n<p style="text-align: center;">\r\n	<img alt="" src="http://phunsuongcongnghe.com/images/uploads/images/sanpham/PS05.jpg" style="width: 600px; height: 600px;">\r\n</p>\r\n\r\n<p>\r\n	<u><strong>Thông số kỹ thuật</strong></u>\r\n</p>\r\n\r\n<ul>\r\n	<li>\r\n		Nhãn hiệu:FOG MAKER\r\n	</li>\r\n	<li>\r\n		Model: FOG PS (máy hôp)\r\n	</li>\r\n	<li>\r\n		xuất xứ: TAIWAN\r\n	</li>\r\n	<li>\r\n		điện áp:220v\r\n	</li>\r\n	<li>\r\n		Lưu lượng bơm:1.6 L/P\r\n	</li>\r\n	<li>\r\n		số béc tối thiểu :5\r\n	</li>\r\n	<li>\r\n		số béc tối đa:30\r\n	</li>\r\n	<li>\r\n		Trọng lượng:3,1 Kg\r\n	</li>\r\n	<li>\r\n		bảo hành:12 tháng\r\n	</li>\r\n</ul>\r\n\r\n<p>\r\n	Ứng dụng&nbsp;<strong>Máy phun sương</strong>&nbsp;Fog PS 05<br>\r\n	&ndash; Ống phun sương làm mát chuyên dụng làm hệ thống phun sương làm mát quán cà phê.<br>\r\n	&ndash; Phun thuốc trừ sâu.<br>\r\n	&ndash; Phun sương làm mát nhà yến.<br>\r\n	&ndash; Phun sương làm mát chuồng trại.<br>\r\n	&ndash; Làm mát nhà hàng.<br>\r\n	&ndash; Phun sương làm giãm khói bụi.<br>\r\n	&ndash; Phun sương làm mát nhà xưỡng.<br>\r\n	&ndash; Ống phun sương có thể dùng làm ống dẫn nước, dùng làm ống phun xịt rửa xe và nhu cầu khác &hellip;\r\n</p>', 'Máy Phun Sương Fog PS 05', '<p>\r\n	Máy Phun Sương Fog PS 05 (5-30 Đầu Phun)\r\n</p>', 'Máy Phun Sương Fog PS 05, máy phun sương, may phun suong', 'product.index', '1200000', 17, '1000000', 1, 1, 1, '2018-03-16 03:24:27', '2018-03-20 09:13:51'),
(17, 'Máy Phun Sương Fog PS 02 ( 30-50 Đầu Phun)', 'may-phun-suong-fog-ps-02-30-50-dau-phun', 1, 'images/uploads/images/sanpham/PS02.jpg', NULL, '<p>\r\n	&nbsp;\r\n</p>\r\n\r\n<p>\r\n	Máy phun sương Fog PS 02&nbsp;dùng trong các hệ thống phun sương làm mát, tưới lan, làm mát nhà xưởng, làm mát quán cà phê, làm mát nhà hàng, vườn ươm, làm mát nhà yến,&hellip;.<strong>Máy phun sương Fog PS</strong>&nbsp;02 với khả năng phun sương được từ 30-50 đầu phun sẽ được dùng để phun sương cho các quán café, quán bia có diện tích vài chục mét.\r\n</p>\r\n\r\n<p>\r\n	Thông số kỹ thuật&nbsp;<strong>Máy phun sương Fog PS 02</strong>\r\n</p>\r\n\r\n<p style="text-align: center;">\r\n	<img alt="" src="http://phunsuongcongnghe.com/images/uploads/images/sanpham/PS02.jpg" style="width: 360px; height: 390px;">\r\n</p>\r\n\r\n<p>\r\n	<u><strong>Thông số kỹ thuật</strong></u>\r\n</p>\r\n\r\n<ul>\r\n	<li>\r\n		Nhãn hiệu:FOG MAKER -1109\r\n	</li>\r\n	<li>\r\n		Model: FOG PS 02\r\n	</li>\r\n	<li>\r\n		xuất xứ: TAIWAN\r\n	</li>\r\n	<li>\r\n		điện áp:220v\r\n	</li>\r\n	<li>\r\n		công suất:80W/h\r\n	</li>\r\n	<li>\r\n		số béc tối thiểu :30\r\n	</li>\r\n	<li>\r\n		số béc tối đa:50\r\n	</li>\r\n	<li>\r\n		Lưu lượng bơm:1.5 L/P\r\n	</li>\r\n	<li>\r\n		Trọng lượng:6 Kg\r\n	</li>\r\n	<li>\r\n		bảo hành:12 tháng\r\n	</li>\r\n</ul>\r\n\r\n<p>\r\n	Ứng dụng&nbsp;<a href="http://phunsuongkhanhxuan.com/sp/may-phun-suong-fog-ps-02-gia-re/"><strong>Máy phun sương</strong>&nbsp;Fog</a>&nbsp;PS 02<br>\r\n	&ndash; Ống phun sương làm mát chuyên dụng làm hệ thống phun sương làm mát quán cà phê.<br>\r\n	&ndash; Phun thuốc trừ sâu.<br>\r\n	&ndash; Phun sương làm mát nhà yến.<br>\r\n	&ndash; Phun sương làm mát chuồng trại.<br>\r\n	&ndash; Làm mát nhà hàng.<br>\r\n	&ndash; Phun sương làm giãm khói bụi.<br>\r\n	&ndash; Phun sương làm mát nhà xưỡng.<br>\r\n	&ndash; Ống phun sương có thể dùng làm ống dẫn nước, dùng làm ống phun xịt rửa xe và nhu cầu khác &hellip;\r\n</p>', 'Máy Phun Sương Fog PS 02 ( 30-50 Đầu Phun)', '<p>\r\n	Máy Phun Sương Fog PS 02 ( 30-50 Đầu Phun)\r\n</p>', 'Máy Phun Sương Fog PS 02, máy phun sương, may phun suong', 'product.index', '1700000', 0, '0', 1, 1, 1, '2018-03-16 03:24:27', '2018-03-20 09:13:38'),
(18, 'Máy Phun Sương Fog 2807', 'may-phun-suong-fog-2807', 1, 'images/uploads/images/sanpham/2807.jpg', NULL, '<p>\r\n	Máy phun sương Fog 2807&nbsp;dùng trong các hệ thống phun sương làm mát, tưới lan, làm mát nhà xưởng, làm mát quán cà phê, làm mát nhà hàng, vườn ươm, làm mát nhà yến,&hellip;.Máy phun sương Fog 2807 với khả năng phun sương được từ 15-30 đầu phun sẽ được dùng để phun sương cho các quán café, quán bia có diện tích vài chục mét.\r\n</p>\r\n\r\n<p>\r\n	Thông số kỹ thuật&nbsp;<strong>Máy phun sương Fog 2807</strong>\r\n</p>\r\n\r\n<p style="text-align: center;">\r\n	<img alt="" src="http://phunsuongcongnghe.com/images/uploads/images/sanpham/2807.jpg" style="width: 500px; height: 386px;">\r\n</p>\r\n\r\n<p>\r\n	Ứng dụng&nbsp;<strong>Máy phun sương</strong>&nbsp;Fog 2807<br>\r\n	&ndash; Ống phun sương làm mát chuyên dụng làm hệ thống phun sương làm mát quán cà phê.<br>\r\n	&ndash; Phun thuốc trừ sâu.<br>\r\n	&ndash; Phun sương làm mát nhà yến.<br>\r\n	&ndash; Phun sương làm mát chuồng trại.<br>\r\n	&ndash; Làm mát nhà hàng.<br>\r\n	&ndash; Phun sương làm giãm khói bụi.<br>\r\n	&ndash; Phun sương làm mát nhà xưỡng.<br>\r\n	&ndash; Ống phun sương có thể dùng làm ống dẫn nước, dùng làm ống phun xịt rửa xe và nhu cầu khác &hellip;\r\n</p>', 'Máy Phun Sương Fog 2807', '<p>\r\n	Máy Phun Sương Fog 2807\r\n</p>', 'Máy Phun Sương Fog 2807, máy phun sương, may phun suong', 'product.index', '1250000', 0, '0', 1, 1, 1, '2018-03-16 03:24:27', '2018-03-20 09:18:58'),
(19, 'BÉC PHUN SƯƠNG ĐÀI LOAN', 'bec-phun-suong-dai-loan', 1, 'images/uploads/images/sanpham/becphunsuong-1728.jpg', NULL, '<ul>\r\n	<li>\r\n		<strong>Béc số 1 có độ phun sương mịn nhuyễn được dùng chủ yếu trong nhà.</strong>\r\n	</li>\r\n	<li>\r\n		<a name="top"></a><strong>Béc số 2 có độ phun sương lớn hơn được dùng chủ yếu ngoài trời như các quán cafe, khu vui chơi giải trí, hội chợ triễn lãm&hellip;</strong>\r\n	</li>\r\n</ul>\r\n\r\n<table align="center" border="1" cellpadding="0" cellspacing="0">\r\n	<tbody>\r\n		<tr>\r\n			<td>\r\n				<a name="top"></a><strong>THÔNG SỐ KỸ THUẬT</strong>\r\n			</td>\r\n			<td>\r\n				<p align="center">\r\n					<a name="top"></a><strong>BÉC SỐ 1</strong>\r\n				</p>\r\n			</td>\r\n			<td>\r\n				<p align="center">\r\n					<a name="top"></a><strong>BÉC SỐ 2</strong>\r\n				</p>\r\n			</td>\r\n		</tr>\r\n		<tr>\r\n			<td>\r\n				<a name="top"></a><strong>MÃ HÀNG</strong>\r\n			</td>\r\n			<td>\r\n				<p align="center">\r\n					<a name="top"></a><strong>TW &ndash; 01H</strong>\r\n				</p>\r\n			</td>\r\n			<td>\r\n				<p align="center">\r\n					<a name="top"></a><strong>TW &ndash; 02H</strong>\r\n				</p>\r\n			</td>\r\n		</tr>\r\n		<tr>\r\n			<td>\r\n				<a name="top"></a><strong>ÁP LỰC PHUN (Kg/cm2)</strong>\r\n			</td>\r\n			<td>\r\n				<p align="center">\r\n					<a name="top"></a><strong>25 &ndash; 40</strong>\r\n				</p>\r\n			</td>\r\n			<td>\r\n				<p align="center">\r\n					<a name="top"></a><strong>25 &ndash; 40</strong>\r\n				</p>\r\n			</td>\r\n		</tr>\r\n		<tr>\r\n			<td>\r\n				<a name="top"></a><strong>LƯU LƯỢNG NƯỚC (l/h)</strong>\r\n			</td>\r\n		</tr>\r\n	</tbody>\r\n</table>', 'BÉC PHUN SƯƠNG ĐÀI LOAN', '<p>\r\n	BÉC PHUN SƯƠNG ĐÀI LOAN\r\n</p>', 'BÉC PHUN SƯƠNG ĐÀI LOAN, máy phun sương, may phun suong', 'product.index', '15000', 0, '0', 1, 1, 2, '2018-03-16 03:24:27', '2018-03-20 09:24:15'),
(20, 'BÉC PHUN SƯƠNG SỐ 3', 'bec-phun-suong-so-3', 1, 'images/uploads/images/sanpham/becphunsuongso3-6457.jpg', NULL, '<h1 itemprop="name">\r\n	BÉC PHUN SƯƠNG SỐ 3\r\n</h1>', 'BÉC PHUN SƯƠNG SỐ 3', '<p>\r\n	BÉC PHUN SƯƠNG SỐ 3\r\n</p>', 'BÉC PHUN SƯƠNG SỐ 3, máy phun sương, may phun suong', 'product.index', '15000', 0, '0', 1, 1, 2, '2018-03-16 03:24:27', '2018-03-20 09:25:52'),
(21, 'BÌNH LỌC NƯỚC MÁY PHUN SƯƠNG', 'binh-loc-nuoc-may-phun-suong', 1, 'images/uploads/images/sanpham/binh-loc-may-phun-suong.jpg', NULL, '<h1 itemprop="name">\r\n	<span style="font-size:16px;">Bình lọc nước máy phun sương&nbsp; giúp nước qua hệ thống phun sương sạch hơn chống tắc béc phun bảo vệ hệ thống phun bền hơn.&nbsp;<strong>Bình lọc nước phun sương</strong>&nbsp;được sử dụng rộng rãi trong việc lắp đặt hệ thống máy phun sương làm mát không khí, tạo ẩm cho không gian xung quanh được mát mẻ, thoải mái dễ chịu cho khách hàng. Lắp đặt hệ thống phun sương cho văn phòng, sân vườn, quán cà phê, xưởng công nghiệp với nhiều ưu đãi lớn tại cửa hàng máy phun sương Khánh Xuân.</span>\r\n</h1>\r\n\r\n<p style="text-align: center;">\r\n	<span style="font-size:16px;"><img alt="" src="http://phunsuongcongnghe.com/images/uploads/images/sanpham/binh-loc-may-phun-suong.jpg" style="width: 50%; height: 50%;"></span>\r\n</p>\r\n\r\n<p>\r\n	&nbsp;\r\n</p>', 'BÌNH LỌC NƯỚC MÁY PHUN SƯƠNG', '<p>\r\n	BÌNH LỌC NƯỚC MÁY PHUN SƯƠNG\r\n</p>', 'BÌNH LỌC NƯỚC MÁY PHUN SƯƠNG, máy phun sương, may phun suong', 'product.index', '150000', 0, '0', 1, 1, 2, '2018-03-16 03:24:27', '2018-03-20 09:28:21'),
(22, 'Bộ Béc Phun Sương Cuối 3 Đầu Phun Đài Loan', 'bo-bec-phun-suong-cuoi-3-dau-phun-dai-loan', 1, 'images/uploads/images/sanpham/may-phun-3-dau.jpg', NULL, '<h1 itemprop="name">\r\n	<span style="font-size:16px;">Đầu tưới cây phun sương tạo nên một chùm nước hạt sương, hạt nước nhỏ mịn thích hợp cây trồng trong chậu, tưới lan, làm mát không gian sân vườn. Thích hợp cho cây trồng nhà phố, vườn ươm và tưới lan, nấm&hellip;giúp cho không gian xung quanh khách hàng mát mẻ dễ chịu và giá rẻ</span>\r\n</h1>\r\n\r\n<p style="text-align: center;">\r\n	<span style="font-size:16px;"><img alt="" src="http://phunsuongcongnghe.com/images/uploads/images/sanpham/may-phun-3-dau.jpg" style="width: 600px; height: 600px;"></span>\r\n</p>\r\n\r\n<p>\r\n	Thông số kỹ thuật&nbsp;Bộ béc phun sương&nbsp;cuối 3 đầu phun:\r\n</p>\r\n\r\n<p>\r\n	Có thề lắp dặt đầu tưới theo 2 cách : Phun từ dưới lên hoặc phun phủ từ trên xuống\r\n</p>\r\n\r\n<p>\r\n	&ndash; Đầu tưới chịu được tia UV tốt nên có độ bền cao.\r\n</p>\r\n\r\n<p>\r\n	&ndash; Kết nối bền\r\n</p>\r\n\r\n<p>\r\n	&ndash; Nhỏ gọn\r\n</p>\r\n\r\n<p>\r\n	&ndash; Trọn bộ giá rẻ\r\n</p>\r\n\r\n<p>\r\n	&ndash; Lắp đặt nhanh\r\n</p>\r\n\r\n<p>\r\n	Ví trị lắp đặt Bộ béc phun sương cuối 3 đầu phun\r\n</p>\r\n\r\n<p>\r\n	Do có đường kính từ 0.8-1m nên có thể lắp từ trên phun sương mịn xuống, hoắc từ dưới phua tỏa ra, ngoài ra đầu phun sương chum dễ dàng tháo lắp nên dễ dàng thay đổi cách bố trí theo từng loại cây trồng.\r\n</p>', 'Bộ Béc Phun Sương Cuối 3 Đầu Phun Đài Loan', '<p>\r\n	Bộ Béc Phun Sương Cuối 3 Đầu Phun Đài Loan\r\n</p>', 'Bộ Béc Phun Sương Cuối 3 Đầu Phun Đài Loan, máy phun sương, may phun suong', 'product.index', '90000', 0, '0', 1, 1, 2, '2018-03-16 03:24:27', '2018-03-20 09:30:20');
INSERT INTO `products` (`id`, `name`, `path`, `isActive`, `image`, `description`, `content`, `seo_title`, `seo_description`, `seo_keywords`, `template`, `price`, `sale`, `final_price`, `order`, `user_id`, `category_product_id`, `created_at`, `updated_at`) VALUES
(23, 'BỘ BÉC PHUN SƯƠNG ĐÀI LOAN', 'bo-bec-phun-suong-dai-loan', 1, 'images/uploads/images/sanpham/bo-bec-phun-suong.jpg', NULL, '<h1 itemprop="name">\r\n	<span style="font-size:14px;"><span style="color: rgb(85, 85, 85); text-transform: none; text-indent: 0px; letter-spacing: normal; font-family: Arial,Helvetica,sans-serif; font-style: normal; font-weight: 400; word-spacing: 0px; display: inline !important; white-space: normal; orphans: 2; widows: 2; float: none; -webkit-text-stroke-width: 0px; background-color: rgb(255, 255, 255);">Ứng dụng cho&nbsp;</span>trọn bộ béc phun sương<span style="color: rgb(85, 85, 85); text-transform: none; text-indent: 0px; letter-spacing: normal; font-family: Arial,Helvetica,sans-serif; font-style: normal; font-weight: 400; word-spacing: 0px; display: inline !important; white-space: normal; orphans: 2; widows: 2; float: none; -webkit-text-stroke-width: 0px; background-color: rgb(255, 255, 255);">:</span><br style="color: rgb(85, 85, 85); font-family: Arial, Helvetica, sans-serif; font-size: 12px; font-style: normal; font-variant-ligatures: normal; font-variant-caps: normal; font-weight: 400; letter-spacing: normal; orphans: 2; text-align: start; text-indent: 0px; text-transform: none; white-space: normal; widows: 2; word-spacing: 0px; -webkit-text-stroke-width: 0px; background-color: rgb(255, 255, 255); text-decoration-style: initial; text-decoration-color: initial;">\r\n	<span style="color: rgb(85, 85, 85); text-transform: none; text-indent: 0px; letter-spacing: normal; font-family: Arial,Helvetica,sans-serif; font-style: normal; font-weight: 400; word-spacing: 0px; display: inline !important; white-space: normal; orphans: 2; widows: 2; float: none; -webkit-text-stroke-width: 0px; background-color: rgb(255, 255, 255);">Đầu tưới cây phun sương tạo nên một chùm nước hạt sương, hạt nước nhỏ mịn thích hợp cây trồng trong chậu, tưới lan, làm mát không gian sân vườn. Thích hợp cho cây trồng nhà phố, vườn ươm và tưới lan, nấm&hellip;giúp cho không gian xung quanh khách hàng mát mẻ dễ chịu và giá rẻ.</span></span>\r\n</h1>\r\n\r\n<p style="text-align: center;">\r\n	<span style="font-size:16px;"><img alt="" src="http://phunsuongcongnghe.com/images/uploads/images/sanpham/bo-bec-phun-suong.jpg" style="width: 600px; height: 600px;"></span>\r\n</p>\r\n\r\n<p style="margin: 0px 0px 10px; padding: 0px; border: 0px; font-size: 12px; vertical-align: baseline; color: rgb(85, 85, 85); font-family: Arial, Helvetica, sans-serif; font-style: normal; font-variant-ligatures: normal; font-variant-caps: normal; font-weight: 400; letter-spacing: normal; orphans: 2; text-align: start; text-indent: 0px; text-transform: none; white-space: normal; widows: 2; word-spacing: 0px; -webkit-text-stroke-width: 0px; background-color: rgb(255, 255, 255); text-decoration-style: initial; text-decoration-color: initial;">\r\n	Thông số kỹ thuật<span>&nbsp;</span><strong style="margin: 0px; padding: 0px; border: 0px; font-size: 12px; vertical-align: baseline; font-weight: bold;">béc phun sương</strong>:\r\n</p>\r\n\r\n<p style="margin: 0px 0px 10px; padding: 0px; border: 0px; font-size: 12px; vertical-align: baseline; color: rgb(85, 85, 85); font-family: Arial, Helvetica, sans-serif; font-style: normal; font-variant-ligatures: normal; font-variant-caps: normal; font-weight: 400; letter-spacing: normal; orphans: 2; text-align: start; text-indent: 0px; text-transform: none; white-space: normal; widows: 2; word-spacing: 0px; -webkit-text-stroke-width: 0px; background-color: rgb(255, 255, 255); text-decoration-style: initial; text-decoration-color: initial;">\r\n	Có thề lắp dặt đầu tưới theo 2 cách : Phun từ dưới lên hoặc phun phủ từ trên xuống\r\n</p>\r\n\r\n<p style="margin: 0px 0px 10px; padding: 0px; border: 0px; font-size: 12px; vertical-align: baseline; color: rgb(85, 85, 85); font-family: Arial, Helvetica, sans-serif; font-style: normal; font-variant-ligatures: normal; font-variant-caps: normal; font-weight: 400; letter-spacing: normal; orphans: 2; text-align: start; text-indent: 0px; text-transform: none; white-space: normal; widows: 2; word-spacing: 0px; -webkit-text-stroke-width: 0px; background-color: rgb(255, 255, 255); text-decoration-style: initial; text-decoration-color: initial;">\r\n	&ndash; Đầu tưới chịu được tia UV tốt nên có độ bền cao.\r\n</p>\r\n\r\n<p style="margin: 0px 0px 10px; padding: 0px; border: 0px; font-size: 12px; vertical-align: baseline; color: rgb(85, 85, 85); font-family: Arial, Helvetica, sans-serif; font-style: normal; font-variant-ligatures: normal; font-variant-caps: normal; font-weight: 400; letter-spacing: normal; orphans: 2; text-align: start; text-indent: 0px; text-transform: none; white-space: normal; widows: 2; word-spacing: 0px; -webkit-text-stroke-width: 0px; background-color: rgb(255, 255, 255); text-decoration-style: initial; text-decoration-color: initial;">\r\n	&ndash; Kết nối bền\r\n</p>\r\n\r\n<p style="margin: 0px 0px 10px; padding: 0px; border: 0px; font-size: 12px; vertical-align: baseline; color: rgb(85, 85, 85); font-family: Arial, Helvetica, sans-serif; font-style: normal; font-variant-ligatures: normal; font-variant-caps: normal; font-weight: 400; letter-spacing: normal; orphans: 2; text-align: start; text-indent: 0px; text-transform: none; white-space: normal; widows: 2; word-spacing: 0px; -webkit-text-stroke-width: 0px; background-color: rgb(255, 255, 255); text-decoration-style: initial; text-decoration-color: initial;">\r\n	&ndash; Nhỏ gọn\r\n</p>\r\n\r\n<p style="margin: 0px 0px 10px; padding: 0px; border: 0px; font-size: 12px; vertical-align: baseline; color: rgb(85, 85, 85); font-family: Arial, Helvetica, sans-serif; font-style: normal; font-variant-ligatures: normal; font-variant-caps: normal; font-weight: 400; letter-spacing: normal; orphans: 2; text-align: start; text-indent: 0px; text-transform: none; white-space: normal; widows: 2; word-spacing: 0px; -webkit-text-stroke-width: 0px; background-color: rgb(255, 255, 255); text-decoration-style: initial; text-decoration-color: initial;">\r\n	&ndash; Trọn bộ giá rẻ\r\n</p>\r\n\r\n<p style="margin: 0px 0px 10px; padding: 0px; border: 0px; font-size: 12px; vertical-align: baseline; color: rgb(85, 85, 85); font-family: Arial, Helvetica, sans-serif; font-style: normal; font-variant-ligatures: normal; font-variant-caps: normal; font-weight: 400; letter-spacing: normal; orphans: 2; text-align: start; text-indent: 0px; text-transform: none; white-space: normal; widows: 2; word-spacing: 0px; -webkit-text-stroke-width: 0px; background-color: rgb(255, 255, 255); text-decoration-style: initial; text-decoration-color: initial;">\r\n	&ndash; Lắp đặt nhanh\r\n</p>\r\n\r\n<p style="margin: 0px 0px 10px; padding: 0px; border: 0px; font-size: 12px; vertical-align: baseline; color: rgb(85, 85, 85); font-family: Arial, Helvetica, sans-serif; font-style: normal; font-variant-ligatures: normal; font-variant-caps: normal; font-weight: 400; letter-spacing: normal; orphans: 2; text-align: start; text-indent: 0px; text-transform: none; white-space: normal; widows: 2; word-spacing: 0px; -webkit-text-stroke-width: 0px; background-color: rgb(255, 255, 255); text-decoration-style: initial; text-decoration-color: initial;">\r\n	Ví trị lắp đặt<span>&nbsp;</span><strong style="margin: 0px; padding: 0px; border: 0px; font-size: 12px; vertical-align: baseline; font-weight: bold;">béc phun sương</strong>\r\n</p>\r\n\r\n<p style="margin: 0px 0px 10px; padding: 0px; border: 0px; font-size: 12px; vertical-align: baseline; color: rgb(85, 85, 85); font-family: Arial, Helvetica, sans-serif; font-style: normal; font-variant-ligatures: normal; font-variant-caps: normal; font-weight: 400; letter-spacing: normal; orphans: 2; text-align: start; text-indent: 0px; text-transform: none; white-space: normal; widows: 2; word-spacing: 0px; -webkit-text-stroke-width: 0px; background-color: rgb(255, 255, 255); text-decoration-style: initial; text-decoration-color: initial;">\r\n	Do có đường kính từ 0.8-1m nên có thể lắp từ trên phun sương mịn xuống, hoắc từ dưới phua tỏa ra, ngoài ra đầu phun sương chum dễ dàng tháo lắp nên dễ dàng thay đổi cách bố trí theo từng loại cây trồng.\r\n</p>', 'BỘ BÉC PHUN SƯƠNG ĐÀI LOAN', '<p>\r\n	BỘ BÉC PHUN SƯƠNG ĐÀI LOAN\r\n</p>', 'BỘ BÉC PHUN SƯƠNG ĐÀI LOAN, máy phun sương, may phun suong', 'product.index', '25000', 0, '0', 1, 1, 2, '2018-03-16 03:24:27', '2018-03-22 12:00:56'),
(24, 'CO PHUN SƯƠNG', 'co-phun-suong', 1, 'images/uploads/images/sanpham/pro20100623095828-8535.jpg', NULL, '<h1 itemprop="name">\r\n	CO PHUN SƯƠNG\r\n</h1>', 'CO PHUN SƯƠNG', '<p>\r\n	CO PHUN SƯƠNG\r\n</p>', 'CO PHUN SƯƠNG, máy phun sương, may phun suong', 'product.index', '5000', 0, '0', 1, 1, 2, '2018-03-16 03:24:27', '2018-03-22 12:01:56'),
(25, 'CUỐI NGANG', 'cuoi-ngang', 1, 'images/uploads/images/sanpham/pro1014145214-6899.jpg', NULL, '<h1 itemprop="name">\r\n	CUỐI NGANG\r\n</h1>', 'CUỐI NGANG', '<p>\r\n	CUỐI NGANG\r\n</p>', 'CUỐI NGANG, máy phun sương, may phun suong', 'product.index', '15000', 0, '0', 1, 1, 2, '2018-03-16 03:24:27', '2018-03-22 12:04:01'),
(26, 'CUỐI THẲNG', 'cuoi-thang', 1, 'images/uploads/images/sanpham/pro20151014145410-9264-657x700.jpg', NULL, '<h1 itemprop="name">\r\n	CUỐI THẲNG\r\n</h1>', 'CUỐI THẲNG', '<p>\r\n	CUỐI THẲNG\r\n</p>', 'CUỐI THẲNG, máy phun sương, may phun suong', 'product.index', '15000', 0, '0', 1, 1, 2, '2018-03-16 03:24:27', '2018-03-22 12:03:50'),
(27, 'NỐI BÉC PHUN SƯƠNG', 'noi-bec-phun-suong', 1, 'images/uploads/images/sanpham/noi-bec-phun-suong-mayphunsuong-3048-600x450.jpg', NULL, '<h1 itemprop="name">\r\n	<br>\r\n	<span style="color: rgb(85, 85, 85); font-family: Arial, Helvetica, sans-serif; font-size: 13px; font-style: normal; font-variant-ligatures: normal; font-variant-caps: normal; font-weight: 700; letter-spacing: normal; orphans: 2; text-align: start; text-indent: 0px; text-transform: none; white-space: normal; widows: 2; word-spacing: 0px; -webkit-text-stroke-width: 0px; background-color: rgb(255, 255, 255); text-decoration-style: initial; text-decoration-color: initial; display: inline !important; float: none;">NỐI BÉC PHUN SƯƠNG</span>\r\n</h1>', 'NỐI BÉC PHUN SƯƠNG', '<p>\r\n	&nbsp;\r\n</p>\r\n\r\n<p>\r\n	<span style="color: rgb(85, 85, 85); font-family: Arial, Helvetica, sans-serif; font-size: 13px; font-style: normal; font-variant-ligatures: normal; font-variant-caps: normal; font-weight: 700; letter-spacing: normal; orphans: 2; text-align: start; text-indent: 0px; text-transform: none; white-space: normal; widows: 2; word-spacing: 0px; -webkit-text-stroke-width: 0px; background-color: rgb(255, 255, 255); text-decoration-style: initial; text-decoration-color: initial; display: inline !important; float: none;">NỐI BÉC PHUN SƯƠNG</span>\r\n</p>', 'NỐI BÉC PHUN SƯƠNG, máy phun sương, may phun suong', 'product.index', '15000', 0, '0', 1, 1, 2, '2018-03-16 03:24:27', '2018-03-22 12:04:49'),
(28, 'NỐI ỐNG', 'noi-ong', 1, 'images/uploads/images/sanpham/pro20100623095905-1551.jpg', NULL, '<h1 itemprop="name">\r\n	NỐI ỐNG\r\n</h1>', 'NỐI ỐNG', '<p>\r\n	NỐI ỐNG\r\n</p>', 'NỐI ỐNG, máy phun sương, may phun suong', 'product.index', '5000', 0, '0', 1, 1, 2, '2018-03-16 03:24:27', '2018-03-22 12:05:43'),
(29, 'Ống Dây Phun Sương', 'ong-day-phun-suong', 1, 'images/uploads/images/sanpham/day-phun-suong.jpg', NULL, '<h1 itemprop="name">\r\n	<br>\r\n	<span style="color: rgb(85, 85, 85); font-family: Arial, Helvetica, sans-serif; font-size: 13px; font-style: normal; font-variant-ligatures: normal; font-variant-caps: normal; font-weight: 700; letter-spacing: normal; orphans: 2; text-align: start; text-indent: 0px; text-transform: none; white-space: normal; widows: 2; word-spacing: 0px; -webkit-text-stroke-width: 0px; background-color: rgb(255, 255, 255); text-decoration-style: initial; text-decoration-color: initial; display: inline !important; float: none;">Ống Dây Phun Sương</span>\r\n</h1>', 'Ống Dây Phun Sương', '<p>\r\n	&nbsp;\r\n</p>\r\n\r\n<p>\r\n	<span style="color: rgb(85, 85, 85); font-family: Arial, Helvetica, sans-serif; font-size: 13px; font-style: normal; font-variant-ligatures: normal; font-variant-caps: normal; font-weight: 700; letter-spacing: normal; orphans: 2; text-align: start; text-indent: 0px; text-transform: none; white-space: normal; widows: 2; word-spacing: 0px; -webkit-text-stroke-width: 0px; background-color: rgb(255, 255, 255); text-decoration-style: initial; text-decoration-color: initial; display: inline !important; float: none;">Ống Dây Phun Sương</span>\r\n</p>', 'Ống Dây Phun Sương, máy phun sương, may phun suong', 'product.index', '5000', 0, '0', 1, 1, 2, '2018-03-16 03:24:27', '2018-03-22 12:06:26'),
(30, 'Răng Ngoài 21/8', 'rang-ngoai-218', 1, 'images/uploads/images/sanpham/rang-ngoai-218.jpg', NULL, '<p style="margin: 0px 0px 10px; padding: 0px; border: 0px; font-size: 12px; vertical-align: baseline; color: rgb(85, 85, 85); font-family: Arial, Helvetica, sans-serif; font-style: normal; font-variant-ligatures: normal; font-variant-caps: normal; font-weight: 400; letter-spacing: normal; orphans: 2; text-align: start; text-indent: 0px; text-transform: none; white-space: normal; widows: 2; word-spacing: 0px; -webkit-text-stroke-width: 0px; background-color: rgb(255, 255, 255); text-decoration-style: initial; text-decoration-color: initial;">\r\n	Răng ngoài 21/8<span>&nbsp;</span>nối đầu ra của lọc với đường ống phun sương 8 ly dùng trong các hệ thống phun sương làm mát, tưới lan, làm mát nhà xưỡng, làm mát quán cà phê, làm mát nhà hàng, vườn&nbsp;ươm, làm mát nhà yến,&hellip;.\r\n</p>\r\n\r\n<p style="margin: 0px 0px 10px; padding: 0px; border: 0px; font-size: 12px; vertical-align: baseline; color: rgb(85, 85, 85); font-family: Arial, Helvetica, sans-serif; font-style: normal; font-variant-ligatures: normal; font-variant-caps: normal; font-weight: 400; letter-spacing: normal; orphans: 2; text-align: start; text-indent: 0px; text-transform: none; white-space: normal; widows: 2; word-spacing: 0px; -webkit-text-stroke-width: 0px; background-color: rgb(255, 255, 255); text-decoration-style: initial; text-decoration-color: initial;">\r\n	Thông số kỹ thuật<span>&nbsp;</span>Răng ngoài 21/8 phun sương\r\n</p>\r\n\r\n<p style="text-align: center;">\r\n	<span style="font-size:16px;"><img alt="" src="http://phunsuongcongnghe.com/images/uploads/images/sanpham/rang-ngoai-218.jpg" style="width: 600px; height: 600px;"></span>\r\n</p>\r\n\r\n<h2 style="margin: 10px 0px; padding: 0px; border: 0px; font-size: 13px; vertical-align: baseline; font-weight: bold; font-family: Arial, Helvetica, sans-serif; line-height: 1.5; color: rgb(85, 85, 85); text-rendering: optimizeLegibility; font-style: normal; font-variant-ligatures: normal; font-variant-caps: normal; letter-spacing: normal; orphans: 2; text-align: start; text-indent: 0px; text-transform: none; white-space: normal; widows: 2; word-spacing: 0px; -webkit-text-stroke-width: 0px; background-color: rgb(255, 255, 255); text-decoration-style: initial; text-decoration-color: initial;">\r\n	Ứng dụng Răng ngoài 21/8 phun sương:\r\n</h2>\r\n\r\n<p style="margin: 0px 0px 10px; padding: 0px; border: 0px; font-size: 12px; vertical-align: baseline; color: rgb(85, 85, 85); font-family: Arial, Helvetica, sans-serif; font-style: normal; font-variant-ligatures: normal; font-variant-caps: normal; font-weight: 400; letter-spacing: normal; orphans: 2; text-align: start; text-indent: 0px; text-transform: none; white-space: normal; widows: 2; word-spacing: 0px; -webkit-text-stroke-width: 0px; background-color: rgb(255, 255, 255); text-decoration-style: initial; text-decoration-color: initial;">\r\n	&ndash; Ống phun sương làm mát chuyên dụng làm hệ thống phun sương làm mát quán cà phê.<br>\r\n	&ndash; Phun thuốc trừ sâu.<br>\r\n	&ndash; Phun sương làm mát nhà yến.<br>\r\n	&ndash; Phun sương làm mát chuồng trại.<br>\r\n	&ndash; Làm mát nhà hàng.<br>\r\n	&ndash; Phun sương làm giãm khói bụi.<br>\r\n	&ndash; Phun sương làm mát nhà xưỡng.<br>\r\n	&ndash; Ống phun sương có thể dùng làm&nbsp;ống dẫn nước, dùng làm&nbsp;ống phun xịt rửa xe và nhu cầu khác &hellip;\r\n</p>', 'Răng Ngoài 21/8', '<p>\r\n	Răng Ngoài 21/8\r\n</p>', 'Răng Ngoài 21/8, máy phun sương, may phun suong', 'product.index', '20000', 0, '0', 1, 1, 2, '2018-03-16 03:24:27', '2018-03-22 12:08:00'),
(31, 'T PHUN SƯƠNG (NGÃ BA)', 't-phun-suong-nga-ba', 1, 'images/uploads/images/sanpham/pro20100623095847-8124.jpg', NULL, '<h1 itemprop="name">\r\n	T PHUN SƯƠNG (NGÃ BA)\r\n</h1>', 'T PHUN SƯƠNG (NGÃ BA)', '<p>\r\n	T PHUN SƯƠNG (NGÃ BA)\r\n</p>', 'T PHUN SƯƠNG (NGÃ BA), máy phun sương, may phun suong', 'product.index', '10000', 0, '0', 1, 1, 2, '2018-03-16 03:24:27', '2018-03-22 12:08:48'),
(32, 'VAN KHÓA ĐỒNG ĐÀI LOAN', 'van-khoa-dong-dai-loan', 1, 'images/uploads/images/sanpham/khoa-phun-suong.jpg', NULL, '<p style="margin: 0px 0px 10px; padding: 0px; border: 0px; font-size: 12px; vertical-align: baseline; color: rgb(85, 85, 85); font-family: Arial, Helvetica, sans-serif; font-style: normal; font-variant-ligatures: normal; font-variant-caps: normal; font-weight: 400; letter-spacing: normal; orphans: 2; text-align: start; text-indent: 0px; text-transform: none; white-space: normal; widows: 2; word-spacing: 0px; -webkit-text-stroke-width: 0px; background-color: rgb(255, 255, 255); text-decoration-style: initial; text-decoration-color: initial;">\r\n	Mô tả<span>&nbsp;</span>khoá phun sương:<br>\r\n	Van khóa phun sương được làm từ đồng thau nguyên chất mang lại độ bền cao, mục đích sử dụng chính là dùng để khóa nước hệ thống khi không cần thiết sử dụng.\r\n</p>\r\n\r\n<p style="margin: 0px 0px 10px; padding: 0px; border: 0px; font-size: 12px; vertical-align: baseline; color: rgb(85, 85, 85); font-family: Arial, Helvetica, sans-serif; font-style: normal; font-variant-ligatures: normal; font-variant-caps: normal; font-weight: 400; letter-spacing: normal; orphans: 2; text-align: start; text-indent: 0px; text-transform: none; white-space: normal; widows: 2; word-spacing: 0px; -webkit-text-stroke-width: 0px; background-color: rgb(255, 255, 255); text-decoration-style: initial; text-decoration-color: initial;">\r\n	Được sử dụng khi<span>&nbsp;</span><strong style="margin: 0px; padding: 0px; border: 0px; font-size: 12px; vertical-align: baseline; font-weight: bold;">lắp đặt hệ thống phun sương</strong><span>&nbsp;</span>làm mát không khí, tạo ẩm cho văn phòng, sân vườn, nhà xưởng, quán cà phê, cửa hàng.\r\n</p>\r\n\r\n<p style="margin: 0px 0px 10px; padding: 0px; border: 0px; font-size: 12px; vertical-align: baseline; color: rgb(85, 85, 85); font-family: Arial, Helvetica, sans-serif; font-style: normal; font-variant-ligatures: normal; font-variant-caps: normal; font-weight: 400; letter-spacing: normal; orphans: 2; text-align: start; text-indent: 0px; text-transform: none; white-space: normal; widows: 2; word-spacing: 0px; -webkit-text-stroke-width: 0px; background-color: rgb(255, 255, 255); text-decoration-style: initial; text-decoration-color: initial;">\r\n	Bộ van khoá phun sương giá rẻ chất lượng uy tính và tư vấn lắp đặt nhanh mang lại cảm giác dễ chịu và thoải mái cho khách hàng.\r\n</p>\r\n\r\n<p style="text-align: center;">\r\n	<span style="font-size:16px;"><img alt="" src="http://phunsuongcongnghe.com/images/uploads/images/sanpham/khoa-phun-suong.jpg" style="width: 600px; height: 600px;"></span>\r\n</p>\r\n\r\n<h2 style="margin: 10px 0px; padding: 0px; border: 0px; font-size: 13px; vertical-align: baseline; font-weight: bold; font-family: Arial, Helvetica, sans-serif; line-height: 1.5; color: rgb(85, 85, 85); text-rendering: optimizeLegibility; font-style: normal; font-variant-ligatures: normal; font-variant-caps: normal; letter-spacing: normal; orphans: 2; text-align: start; text-indent: 0px; text-transform: none; white-space: normal; widows: 2; word-spacing: 0px; -webkit-text-stroke-width: 0px; background-color: rgb(255, 255, 255); text-decoration-style: initial; text-decoration-color: initial;">\r\n	Hướng dẫn<span>&nbsp;</span><strong style="margin: 0px; padding: 0px; border: 0px; font-size: 13px; vertical-align: baseline; font-weight: bold;">van khoá phun sương</strong>:\r\n</h2>\r\n\r\n<p style="margin: 0px 0px 10px; padding: 0px; border: 0px; font-size: 12px; vertical-align: baseline; color: rgb(85, 85, 85); font-family: Arial, Helvetica, sans-serif; font-style: normal; font-variant-ligatures: normal; font-variant-caps: normal; font-weight: 400; letter-spacing: normal; orphans: 2; text-align: start; text-indent: 0px; text-transform: none; white-space: normal; widows: 2; word-spacing: 0px; -webkit-text-stroke-width: 0px; background-color: rgb(255, 255, 255); text-decoration-style: initial; text-decoration-color: initial;">\r\n	Khi mua<span>&nbsp;</span><strong style="margin: 0px; padding: 0px; border: 0px; font-size: 12px; vertical-align: baseline; font-weight: bold;">van khoá phun sương</strong><span>&nbsp;</span>của phunsuongkhanhxuan.com sẽ được nhân viên hỗ trợ kỹ thuật nhiều năm kinh nghiệm hướng dẫn kỹ thuật gắn đúng vị trí van khoá phun sương. Hỗ trợ nhanh và tư vấn chu đáo cho khách hàng.\r\n</p>\r\n\r\n<p style="margin: 0px 0px 10px; padding: 0px; border: 0px; font-size: 12px; vertical-align: baseline; color: rgb(85, 85, 85); font-family: Arial, Helvetica, sans-serif; font-style: normal; font-variant-ligatures: normal; font-variant-caps: normal; font-weight: 400; letter-spacing: normal; orphans: 2; text-align: start; text-indent: 0px; text-transform: none; white-space: normal; widows: 2; word-spacing: 0px; -webkit-text-stroke-width: 0px; background-color: rgb(255, 255, 255); text-decoration-style: initial; text-decoration-color: initial;">\r\n	&nbsp;\r\n</p>', 'VAN KHÓA ĐỒNG ĐÀI LOAN', '<p>\r\n	VAN KHÓA ĐỒNG ĐÀI LOAN\r\n</p>', 'VAN KHÓA ĐỒNG ĐÀI LOAN, máy phun sương, may phun suong', 'product.index', '50000', 0, '0', 1, 1, 2, '2018-03-16 03:24:27', '2018-03-22 12:10:21');

-- --------------------------------------------------------

--
-- Table structure for table `roles`
--

CREATE TABLE IF NOT EXISTS `roles` (
  `id` int(10) unsigned NOT NULL AUTO_INCREMENT,
  `name` varchar(191) COLLATE utf8mb4_unicode_ci NOT NULL,
  `display_name` varchar(191) COLLATE utf8mb4_unicode_ci DEFAULT NULL,
  `description` varchar(191) COLLATE utf8mb4_unicode_ci DEFAULT NULL,
  `created_at` timestamp NULL DEFAULT NULL,
  `updated_at` timestamp NULL DEFAULT NULL,
  PRIMARY KEY (`id`),
  UNIQUE KEY `roles_name_unique` (`name`)
) ENGINE=InnoDB  DEFAULT CHARSET=utf8mb4 COLLATE=utf8mb4_unicode_ci AUTO_INCREMENT=2 ;

--
-- Dumping data for table `roles`
--

INSERT INTO `roles` (`id`, `name`, `display_name`, `description`, `created_at`, `updated_at`) VALUES
(1, 'admin', 'admin', 'administer the website and manage users', '2018-03-14 07:23:50', '2018-03-14 07:23:50');

-- --------------------------------------------------------

--
-- Table structure for table `role_user`
--

CREATE TABLE IF NOT EXISTS `role_user` (
  `user_id` int(10) unsigned NOT NULL,
  `role_id` int(10) unsigned NOT NULL,
  PRIMARY KEY (`user_id`,`role_id`),
  KEY `role_user_role_id_foreign` (`role_id`)
) ENGINE=InnoDB DEFAULT CHARSET=utf8mb4 COLLATE=utf8mb4_unicode_ci;

--
-- Dumping data for table `role_user`
--

INSERT INTO `role_user` (`user_id`, `role_id`) VALUES
(1, 1);

-- --------------------------------------------------------

--
-- Table structure for table `users`
--

CREATE TABLE IF NOT EXISTS `users` (
  `id` int(10) unsigned NOT NULL AUTO_INCREMENT,
  `name` varchar(191) COLLATE utf8mb4_unicode_ci NOT NULL,
  `email` varchar(191) COLLATE utf8mb4_unicode_ci NOT NULL,
  `password` varchar(191) COLLATE utf8mb4_unicode_ci NOT NULL,
  `remember_token` varchar(100) COLLATE utf8mb4_unicode_ci DEFAULT NULL,
  `created_at` timestamp NULL DEFAULT NULL,
  `updated_at` timestamp NULL DEFAULT NULL,
  PRIMARY KEY (`id`),
  UNIQUE KEY `users_email_unique` (`email`)
) ENGINE=InnoDB  DEFAULT CHARSET=utf8mb4 COLLATE=utf8mb4_unicode_ci AUTO_INCREMENT=2 ;

--
-- Dumping data for table `users`
--

INSERT INTO `users` (`id`, `name`, `email`, `password`, `remember_token`, `created_at`, `updated_at`) VALUES
(1, 'nnduyquang', 'nnduyquang@gmail.com', '$2y$10$mStg572JFNI89/0Cg7TOGOUkACFaBl/nsNeOvx8zglr1qyJPA0tj6', NULL, '2018-03-14 07:24:10', NULL);

--
-- Constraints for dumped tables
--

--
-- Constraints for table `permissions`
--
ALTER TABLE `permissions`
  ADD CONSTRAINT `permissions_category_permission_id_foreign` FOREIGN KEY (`category_permission_id`) REFERENCES `category_permissions` (`id`) ON DELETE CASCADE ON UPDATE CASCADE;

--
-- Constraints for table `permission_role`
--
ALTER TABLE `permission_role`
  ADD CONSTRAINT `permission_role_permission_id_foreign` FOREIGN KEY (`permission_id`) REFERENCES `permissions` (`id`) ON DELETE CASCADE ON UPDATE CASCADE,
  ADD CONSTRAINT `permission_role_role_id_foreign` FOREIGN KEY (`role_id`) REFERENCES `roles` (`id`) ON DELETE CASCADE ON UPDATE CASCADE;

--
-- Constraints for table `posts`
--
ALTER TABLE `posts`
  ADD CONSTRAINT `posts_user_id_foreign` FOREIGN KEY (`user_id`) REFERENCES `users` (`id`) ON DELETE CASCADE ON UPDATE CASCADE;

--
-- Constraints for table `products`
--
ALTER TABLE `products`
  ADD CONSTRAINT `products_category_product_id_foreign` FOREIGN KEY (`category_product_id`) REFERENCES `category_posts` (`id`) ON DELETE CASCADE ON UPDATE CASCADE,
  ADD CONSTRAINT `products_user_id_foreign` FOREIGN KEY (`user_id`) REFERENCES `users` (`id`) ON DELETE CASCADE ON UPDATE CASCADE;

--
-- Constraints for table `role_user`
--
ALTER TABLE `role_user`
  ADD CONSTRAINT `role_user_role_id_foreign` FOREIGN KEY (`role_id`) REFERENCES `roles` (`id`) ON DELETE CASCADE ON UPDATE CASCADE,
  ADD CONSTRAINT `role_user_user_id_foreign` FOREIGN KEY (`user_id`) REFERENCES `users` (`id`) ON DELETE CASCADE ON UPDATE CASCADE;

/*!40101 SET CHARACTER_SET_CLIENT=@OLD_CHARACTER_SET_CLIENT */;
/*!40101 SET CHARACTER_SET_RESULTS=@OLD_CHARACTER_SET_RESULTS */;
/*!40101 SET COLLATION_CONNECTION=@OLD_COLLATION_CONNECTION */;
